id;prix
1;3.59106847217354
2;2.10181935533478
3;20.1000731176917
4;38.0760650052115
5;69.7736836404932
6;17.5763246393546
7;1.71889654182267
8;60.6842384606883
9;17.6286497357783
10;8.70770387311892
11;3.69547051581881
12;4.64785001178771
13;13.4254883449958
14;6.00140233681648
15;18.717975183012
16;34.6780795536019
17;3.99899132185129
18;6.67992060322165
19;4.44027982863158
20;5.64489276317481
21;12.1451569591125
22;1.61727215586588
23;23.7803349765596
24;11.5776188947961
25;4.22858767744691
26;4.80598090289387
27;3.69730884963604
28;9.64571327768182
29;12.7680143736081
30;2.81635191741122
31;10.9615071423647
32;8.22533751617291
33;5.16880453653356
34;30.9014696427518
35;8.17193125653045
36;4.15827585513265
37;52.6073063026956
38;23.6395565765301
39;15.6412441007369
40;55.1887917807756
41;6.3165599581133
42;18.1051252696773
43;1.77009104676347
44;9.31180407906798
45;2.7452564095637
46;4.22963190659696
47;22.8249855734234
48;6.98033305773217
49;13.2163909231972
50;7.17277340791728
51;7.23091027490384
52;6.37506008522279
53;4.80413425030241
54;14.7825790807236
55;11.0915756827726
56;12.0203071862251
57;6.35859202960979
58;6.30832545854114
59;3.11006149374417
60;6.38021869608742
61;7.6312621336099
62;171.948935009392
63;5.63691310492577
64;5.47948156572848
65;6.84453006178735
66;1.78397640935865
67;14.0823197651194
68;14.0823197651194
69;24.2587299311497
70;11.6221372110964
71;1.37599004331039
72;14.0469322940212
73;4.90611437807654
74;7.46979701030492
75;3.70470145287933
76;10.9443479290119
77;7.64513943404378
78;1.8276650566393
79;7.9278725370383
80;9.10730644081636
81;54.8146861827118
82;6.46233813299086
83;14.7057083963032
84;5.59376898709338
85;6.94469427488242
86;37.2345224269762
87;2.10104927915932
88;5.82213463400862
89;9.59011750509279
90;16.9528176058864
91;21.017564183483
92;2.24490512697322
93;28.3923847746617
94;2.00730315324906
95;6.62680477305175
96;8.3354934520544
97;71.4114279961677
98;11.5101526329171
99;1.35921989643473
100;27.4623286054036
101;3.7515191025662
102;35.1996730557874
103;55.7786902418775
104;3.01726451452411
105;4.59279521099045
106;10.6321163356847
107;5.79964478391679
108;23.8493061629167
109;5.75979887621896
110;9.72443815200003
111;1.91639336351497
112;4.81849348778494
113;17.1833527261419
114;12.3665593677527
115;1.67386198195932
116;16.5172006027167
117;2.37863153272774
118;2.26825892486519
119;6.11031331143383
120;1.80785705711234
121;22.5471868982355
122;2.92087153704338
123;25.7318387009984
124;46.8886917857723
125;4.19073103980811
126;14.4719572912228
127;32.0085790013795
128;4.34026239508963
129;18.9817578711665
130;12.3031168289374
131;9.8818104186563
132;62.8793481414097
133;5.15052170419194
134;28.3659270140622
135;18.8781505930197
136;3.75111003760865
137;6.00542805094899
138;19.8085295304954
139;2.27419340170033
140;8.77745659874654
141;1.93298408846159
142;3.04467400061624
143;43.7142048996537
144;4.24293883107237
145;7.92341701222926
146;15.6391888925353
147;31.7939730414319
148;6.57016047190379
149;16.757782746057
150;49.4842138574339
151;19.2215638932135
152;18.4118095736
153;11.9625739705551
154;1.57170458441178
155;3.33594980548711
156;51.8220527427968
157;1.90648787420436
158;2.88074246047592
159;3.51342841942868
160;10.8899217863139
161;16.7180694467212
162;2.02466445035368
163;4.44800807371445
164;5.39090431395533
165;1.78614974193914
166;4.18465477236946
167;3.02992748316837
168;1.26123926589413
169;23.2004005450368
170;10.4860788799872
171;6.52045477066591
172;19.1023277056011
173;14.693971427271
174;14.4330137462625
175;4.50477447304748
176;14.8813588835215
177;7.79471743246744
178;6.38074504661605
179;32.93549744225
180;71.1392888977792
181;22.5338713757211
182;28.1876642358024
183;6.45475753644697
184;21.8817852464968
185;37.4331068274138
186;3.67041991178549
187;7.79801398472919
188;7.37003461466869
189;2.5800662105418
190;36.9199425389964
191;10.3862000281824
192;1.81110430482749
193;15.2213903115432
194;6.72125795279849
195;6.2930357637474
196;15.6529639784348
197;37.8094019818903
198;6.5853268732785
199;61.2860009787541
200;51.7470455908738
201;5.31100403985838
202;28.0604897229896
203;8.44042476324973
204;6.27614570686128
205;10.0987789171846
206;18.8600927452128
207;6.27509150843452
208;7.59775568027866
209;25.9025138085186
210;25.9619781242456
211;17.9349181370565
212;1.96990169587331
213;18.5531931509372
214;7.78506875960603
215;25.6159204320998
216;22.5288368783133
217;54.6260737976112
218;12.0841887659302
219;29.992640043121
220;2.44263591417197
221;13.0049824224105
222;2.58359686887065
223;15.5855560358553
224;4.69885007947709
225;4.4563584803955
226;11.2422721863396
227;19.1590818499167
228;9.30854431417068
229;4.52489936355215
230;6.12971100457377
231;34.3966895185795
232;5.606818734175
233;2.3819704998129
234;12.4535368648288
235;7.05714193611193
236;6.57451237627734
237;7.40781433684369
238;6.04688982859588
239;2.36022081551086
240;4.62281894064878
241;56.5759528485404
242;18.2008508279038
243;3.45457036281798
244;16.1167986406603
245;21.9864907882408
246;2.53542813965775
247;7.59066626292065
248;8.7508243828583
249;6.30832545854114
250;6.46309058247756
251;5.97724477167556
252;2.60586907547591
253;31.7804857731303
254;10.4273349879079
255;53.0677648232441
256;10.1107064819002
257;6.05828440377877
258;19.2036259048994
259;12.6242891446043
260;2.11585923067542
261;6.23903213908843
262;4.6240650085525
263;8.49115860043008
264;2.84905671633794
265;55.5434458911633
266;3.89715507122565
267;21.183790204053
268;2.12150766711343
269;4.60173211048691
270;13.4418372296294
271;3.68539445369319
272;14.4755604135865
273;2.36989296204905
274;7.32486261260076
275;37.6971884914174
276;6.47967494272586
277;5.66324878999251
278;21.6571508774359
279;46.2092163580558
280;6.57316387482355
281;37.0502449426512
282;1.83502236749327
283;140.473693851127
284;1.97117953454044
285;7.32486261260076
286;6.53902771602254
287;11.0999023361816
288;34.004591841205
289;7.16660904353712
290;12.4535368648288
291;7.39930078612158
292;7.25295349986205
293;3.75685453376282
294;58.2505546843231
295;6.48253557749477
296;2.21610510172372
297;14.077490567869
298;27.346894106984
299;6.59275692406677
300;4.27639383045399
301;21.1104743955513
302;40.2492492916048
303;2.03543434043393
304;49.9280039139596
305;3.8125660210901
306;26.8026252814848
307;19.3453610997898
308;5.63352293254213
309;6.25959787712873
310;11.1952470831967
311;22.6171426065784
312;18.7892072437918
313;5.05626536929636
314;18.4637042119914
315;6.9147219898107
316;2.71052861975209
317;49.8102387913535
318;33.8750944108295
319;2.38374287914554
320;5.11213523194888
321;1.29256669575121
322;8.9964850175074
323;8.47735126801598
324;3.14997825440586
325;1.94976735240599
326;4.19312457263703
327;5.39095380325358
328;48.8082913174555
329;7.47113390151369
330;19.799531591848
331;6.61789288630809
332;9.08031898758859
333;42.1537292762619
334;21.8197497195672
335;14.4863492302361
336;43.9183263001597
337;18.9878537912879
338;45.0466610030768
339;17.2836915386879
340;7.32533120166398
341;21.9153108646764
342;8.12399605223301
343;4.70303552655377
344;36.1757245468843
345;64.6695369329128
346;1.51089360911434
347;2.6500963647523
348;11.1357591074452
349;6.4274260302723
350;1.86484767319405
351;5.48228344188065
352;36.5961002105481
353;32.1881850652627
354;1.62551999414604
355;14.2344607125799
356;6.57927427929549
357;60.3461057243916
358;9.71738925157045
359;35.5379862932778
360;10.6653948718635
361;43.1302447405526
362;3.6929118043937
363;3.39289608263255
364;6.38733719334825
365;2.12126183889496
366;12.2055558798842
367;3.46075342952819
368;8.90719539815154
369;4.21240788791935
370;127.310683566339
371;14.1000849044294
372;7.32486261260076
373;6.71927028004983
374;25.0435035173643
375;3.21760917113489
376;18.2361443506175
377;16.6155173428233
378;7.36488759291053
379;4.22963190659696
380;12.9620117037333
381;5.62209361185807
382;20.1881141706104
383;1.78405562357237
384;49.9587737221592
385;5.34841187044941
386;63.431804862302
387;12.0192483044585
388;7.87919397718849
389;2.14659906945017
390;20.6473173402637
391;21.8174887508532
392;10.492604125544
393;10.2350706182202
394;18.9107850357263
395;8.94456092772767
396;17.5361852051484
397;13.7647065519358
398;3.69151471223897
399;19.5696558582223
400;4.66537427523348
401;25.8159334641989
402;6.63292006693619
403;3.04281112522405
404;1.48989539895387
405;24.0543909950166
406;1.81071364497912
407;8.44594436653786
408;2.46211916337842
409;12.1048977244853
410;5.32163870928063
411;3.21939494436852
412;6.44924443966776
413;10.2308282984417
414;7.9404576283396
415;35.6591979364434
416;4.39359477001961
417;20.0764332395394
418;4.25075143361907
419;3.95672060522996
420;2.64591291311031
421;18.305864506738
422;60.5497468987184
423;21.9840352884315
424;8.71478138104113
425;68.5206441121782
426;4.8776727287376
427;2.94818803222209
428;8.60697379782918
429;83.4961052085555
430;42.1359310273355
431;10.9704652590871
432;49.9684276925015
433;18.0184404728789
434;39.2622658620922
435;50.563918432959
436;10.1322462676768
437;65.5306297664804
438;20.3215187409378
439;43.8097399159337
440;11.4422331838488
441;2.18688625338525
442;49.0908775179007
443;12.6307465887272
444;6.74248398271676
445;3.69796434557433
446;6.83217819741624
447;5.3335956769905
448;5.07358016745214
449;26.8865128865865
450;18.2435239771865
451;1.88839831791195
452;5.41763539429377
453;3.71901265870242
454;7.56540765575212
455;51.0936828191282
456;23.831485685558
457;4.49509280831368
458;9.29978975951314
459;10.3194602106198
460;5.16945416491992
461;1.80753040963511
462;16.416709422385
463;6.65812043299456
464;28.3923847746617
465;6.91382423403588
466;4.98500024473795
467;9.76789172438948
468;6.63160395856406
469;9.16985271162177
470;6.80628100208064
471;1.06586432391483
472;4.22051584197335
473;54.7473534915278
474;16.8574048017625
475;53.6256802714243
476;6.69658869267525
477;56.3107646001586
478;3.28483938025417
479;7.47715060721528
480;35.7695969116996
481;20.1325215094475
482;1.49815055557816
483;7.51062209471241
484;4.86780222876586
485;6.4199617291117
486;6.77602170008822
487;16.4593136160237
488;2.25316271691754
489;25.7622745405171
490;5.22308692611849
491;9.05401051481255
492;5.42195084592225
493;13.5194018263368
494;6.14516613980047
495;8.99355562440226
496;6.24408452494819
497;2.04470130153379
498;7.82529499633709
499;6.42188987064514
500;3.90410319885517
501;6.91175300405587
502;6.17417760374212
503;17.5361852051484
504;31.8673380868849
505;8.61453837002527
506;4.77749696186913
507;3.9764446486567
508;6.54940040112051
509;83.9583328876145
510;8.22639402715931
511;6.47861576860947
512;39.2765992246265
513;22.2653425596245
514;15.2538238492506
515;17.1097002673813
516;8.81338589618922
517;13.7896836212987
518;8.0580437561945
519;12.0490001101687
520;2.5410346247101
521;17.7442349345932
522;29.6694103725199
523;12.992128286369
524;17.175648269231
525;5.61485497766348
526;10.7810753669037
527;18.1959070275198
528;5.77707450508778
529;40.5741246555438
530;10.8166413083804
531;6.13833871674469
532;7.57491130742699
533;2.00860713824481
534;2.12357292144076
535;5.94908854049349
536;41.9743990055846
537;18.0299987413582
538;16.6956078127751
539;7.52913272159159
540;2.80727946581841
541;6.68239844235172
542;4.80244196774478
543;36.2494921299863
544;4.35759969314554
545;3.79807418027764
546;18.3338351999755
547;53.0814384445731
548;54.8936220994727
549;28.2603599344571
550;25.2385327995337
551;5.52431131302649
552;16.9051190163033
553;18.5624433436196
554;4.78678562695009
555;5.05568084576975
556;4.57743511163481
557;17.6075936253913
558;6.09199984931024
559;12.9847573070284
560;14.7825790807236
561;8.27511608391284
562;6.77183189541009
563;17.2642849440015
564;11.8453740627043
565;4.00643778604744
566;6.33168421869895
567;7.88275722133445
568;7.18254044406329
569;1.42649967574158
570;40.7310129611839
571;23.1896115459101
572;4.63619910973075
573;47.2571150936776
574;8.22818093697039
575;20.4325781821253
576;11.5609765820014
577;3.64368318367314
578;14.0392501913654
579;7.20374053696386
580;10.7604444922702
581;57.1104743002933
582;7.01801454210375
583;6.45475753644697
584;18.784878850777
585;58.0327333798821
586;1.90556233884199
587;34.0706982621537
588;10.525347481991
589;4.95978251424152
590;29.4665227313375
591;6.68589429998151
592;3.30085966362752
593;40.1580627029598
594;1.91989151385572
595;2.20839987251529
596;8.40849310333946
597;3.90438840589584
598;11.2399665078965
599;4.87169052278579
600;5.63097419316278
601;27.9806174308989
602;13.2451912326653
603;3.45604202582671
604;18.5411481221743
605;7.64362467210129
606;7.97745740823323
607;5.73704418638463
608;18.3930968732591
609;1.8077622971333
610;6.69561030459205
611;5.32130933160144
612;2.97280150010586
613;2.477260535296
614;12.570048431801
615;20.844031968911
616;24.5464977275984
617;25.8731593511273
618;5.55446700494797
619;11.9184294402666
620;57.7192246908937
621;6.23673525949289
622;21.0404931742279
623;6.03368263826159
624;7.92523239760307
625;6.28890480917082
626;12.0883289272208
627;17.7108055384019
628;11.8329410650066
629;6.49123204911456
630;7.15193502101009
631;3.51708024538449
632;3.09720131602129
633;26.2368021364689
634;4.77021052581001
635;13.6678099887681
636;6.81775137194892
637;17.1890602389404
638;11.1658279550299
639;46.4843765174037
640;10.1297966606776
641;2.48015308650329
642;14.693971427271
643;7.32533120166398
644;11.0714599661187
645;17.9039070301176
646;56.2225297078756
647;4.67572314427761
648;7.78958163239413
649;2.08000062196444
650;4.06787643387661
651;1.13999366018488
652;26.3375145721222
653;14.1560096261184
654;11.3043129567348
655;11.5912350432816
656;51.5496988064526
657;15.8116637939845
658;12.7680143736081
659;13.049728172556
660;6.46320359258985
661;47.1982583499357
662;8.63684149009092
663;17.2836915386879
664;5.29763389932815
665;2.15840841430666
666;5.82947810088354
667;2.73490116108075
668;5.04481675847935
669;17.4234948545226
670;5.0064903537291
671;1.90981480860756
672;120.972869197477
673;6.25271076486859
674;6.45308246426852
675;2.10257681452333
676;2.23158248555122
677;5.03476845810804
678;2.36534703392254
679;5.30309798986368
680;18.7163512949639
681;2.90167153983631
682;23.391622719667
683;2.64065197184958
684;4.70577998558324
685;14.5070972466939
686;7.75867253939314
687;5.53896320628694
688;23.1458333842136
689;6.54587066939727
690;2.92933206060662
691;4.03600245050766
692;12.6298769274569
693;2.10560756299845
694;18.4542285405049
695;1.27273416136368
696;13.9453229358794
697;6.00409413123851
698;6.90753041678464
699;43.2265272187634
700;111.006013389841
701;28.9146778343855
702;44.0526693880642
703;2.29667697236829
704;10.6203212428938
705;2.7876059588335
706;7.04088901947593
707;1.60505302828708
708;14.4527021880305
709;13.5853029174591
710;18.8251971907875
711;3.11840655960147
712;5.43015272361842
713;12.6221336689872
714;6.25959787712873
715;27.9100526707941
716;1.86835971215862
717;21.5890655361398
718;29.7043326935106
719;2.49909700052655
720;3.33797049868272
721;2.82951050886501
722;15.3650913294812
723;27.5893856102564
724;6.76100503840172
725;34.4524476819032
726;9.51710486164907
727;13.5830120071403
728;25.9373092651207
729;15.8670341227094
730;10.4064869718124
731;4.43858607009826
732;5.56032687058647
733;24.2624133255111
734;14.0799221641191
735;37.1070586141478
736;1.62240001831878
737;4.06522086872191
738;5.33335886675046
739;22.646325638957
740;3.1886895777966
741;40.9745470632481
742;3.81609039469183
743;3.01532289463289
744;6.26474227334013
745;10.3817139394085
746;20.6242471306428
747;23.4130018812559
748;23.1258551114818
749;16.1376941378012
750;11.7695923079736
751;14.0347560200021
752;16.8869571502536
753;1.94663537435626
754;3.78156607320649
755;11.2421005880214
756;40.1760820667144
757;6.11031331143383
758;6.2768489673935
759;1.29170050903189
760;50.0637046816874
761;18.1374348704377
762;21.7104298624761
763;6.2920773303459
764;6.38107347771504
765;12.7019407396766
766;8.10718445651115
767;3.87784025372279
768;5.00003875302641
769;8.46644122614794
770;2.73152511574522
771;4.29836780535392
772;24.4700160312122
773;4.4989704712868
774;12.1673428368597
775;5.21074898050687
776;50.8675573873517
777;2.9031018731635
778;18.856312801622
779;6.64879046561521
780;1.99407824322543
781;3.48994438410724
782;6.74945563209988
783;5.0465594625599
784;3.58984000769254
785;1.48454161334706
786;9.47466194015691
787;18.9769152106856
788;13.8963631418561
789;3.38135584902259
790;13.8878191849733
791;14.6958704295551
792;24.3878912937885
793;1.9734213532603
794;24.0266964180442
795;8.46023338831602
796;1.59805069780228
797;28.5827319935165
798;8.86937083164879
799;9.44743207635037
800;3.07947479288913
801;6.61616833967823
802;14.9677772619052
803;7.67048770320617
804;38.5162554592969
805;36.6248406348902
806;64.1129075513869
807;29.4665227313375
808;20.989244234825
809;23.0507985382093
810;38.7954771714896
811;5.69316642089459
812;4.96526452774579
813;5.68118136079434
814;7.78958163239413
815;2.31789526165276
816;7.06297408714927
817;6.03666853026739
818;3.51132367504437
819;6.76295069103271
820;50.3341046185922
821;6.25206493149211
822;3.49294007095218
823;4.95374728095218
824;8.17193125653045
825;20.1881141706104
826;3.81695462167912
827;4.24170347613287
828;2.06496836884524
829;24.2824800799963
830;10.4904206492704
831;22.5631122378375
832;17.7303008932557
833;4.61204505968881
834;27.3968762646742
835;25.4860777065179
836;44.3909333515567
837;1.97655637231979
838;25.0126054030007
839;17.0723573933177
840;4.07080853166635
841;17.6687459765503
842;3.20396178428995
843;18.53600198441
844;3.40865699561014
845;2.78155023957894
846;19.7570298969404
847;5.72889660230563
848;3.43191546317357
849;3.77504085546771
850;20.1161595056819
851;7.55445843425357
852;6.90405863059514
853;26.6162939590885
854;6.81386545188018
855;20.6404238705406
856;8.90372380095845
857;46.4038177515855
858;15.6529639784348
859;8.33211946286384
860;27.9971513728357
861;15.7847870717467
862;5.07358537963313
863;3.15023288858226
864;22.646325638957
865;5.06418708416202
866;7.48122049139433
867;2.41441306461793
868;4.14363394763804
869;27.3861049834013
870;9.34223877784213
871;31.7681968849031
872;3.18712618715596
873;19.7317040031533
874;12.6298769274569
875;10.1297966606776
876;2.24612798564034
877;11.1774558739868
878;5.15437533620843
879;24.2258149598258
880;5.30439086745271
881;10.7797750694625
882;7.345217548579
883;18.0366526142424
884;23.6609283087101
885;3.42163334815
886;4.05826107710655
887;7.0712828350034
888;12.0580079196934
889;25.9120283593411
890;5.99133908747288
891;11.2869031501427
892;1.75352327966779
893;3.48802780912375
894;12.3380180146983
895;5.5952150818971
896;11.2860349315861
897;5.97606550456497
898;27.9979323111184
899;6.46756588770518
900;6.86003737179443
901;6.25805884115351
902;21.6562508698845
903;6.12836444664696
904;2.28314390196393
905;4.77884969542895
906;8.91295467388327
907;6.76763802555536
908;4.07339375024277
909;3.99295309170315
910;6.11282974181101
911;3.53610464526835
912;5.82775048584308
913;60.6445210617852
914;36.3686519542165
915;1.04952590889331
916;17.6379490530664
917;13.1438861937672
918;4.33623980997165
919;5.58974911278888
920;7.29038340977672
921;6.64745055205546
922;9.42649804875699
923;38.4361654730647
924;6.01266147113183
925;2.76950086097007
926;78.426708342652
927;6.58425192706812
928;4.3253595255217
929;18.6432061867557
930;2.71711960918189
931;6.24910634081352
932;4.94940109730741
933;1.86490558400963
934;1.62997279660675
935;2.0764831877943
936;47.2085249702866
937;19.9907982868315
938;8.24383777705505
939;2.82231216126639
940;9.58402043351952
941;15.2213903115432
942;20.2859705792701
943;14.1268829092484
944;8.83321059034952
945;60.7352712474778
946;7.26714517188391
947;6.57436521199383
948;15.113489502781
949;38.5940593302144
950;7.84706511481538
951;4.4164394159073
952;13.3572520793078
953;9.66392103327735
954;29.1810419953787
955;3.08217067081383
956;41.5857461457886
957;15.0467285396115
958;28.3124366827426
959;12.1286817249536
960;47.0627975543192
961;31.1487049499986
962;18.8273775138794
963;14.1830686735246
964;16.523575264125
965;33.7502979986402
966;18.9561580534666
967;18.4081684116129
968;25.4860777065179
969;13.256175823059
970;7.4050303475185
971;19.677183214842
972;6.96973099378967
973;22.6888435682515
974;3.16007476895063
975;11.1931050218738
976;6.1077522639982
977;6.31269909612129
978;4.00547398597653
979;3.53212702526745
980;3.33102822109198
981;5.47161707657772
982;2.61073520474808
983;5.30439086745271
984;16.4751116707009
985;8.58015334635264
986;56.276395008408
987;2.1329592710313
988;8.17839338287419
989;1.70203106212151
990;14.5640070140496
991;6.28855061589627
992;23.1157648098443
993;10.9816282748887
994;6.29741269378433
995;2.86417095348805
996;5.78376877620945
997;21.6138907945408
998;4.8254494928114
999;24.2282534017375
1000;4.66223321410672
1001;1.04852066739148
1002;16.1820711138895
1003;50.3668000934749
1004;1.64775349588371
1005;4.4859754428194
1006;5.27627303810166
1007;1.61435309830606
1008;1.97639224650296
1009;8.81338589618922
1010;12.4787612410409
1011;2.99631684961404
1012;3.37778668912404
1013;1.92141674659265
1014;24.137794920844
1015;28.5827319935165
1016;20.4593986398182
1017;30.4506110896595
1018;6.19025932232744
1019;19.2128971842536
1020;10.2893486323844
1021;2.83242909545543
1022;7.0118822602089
1023;5.38145640023645
1024;43.3453245475707
1025;14.6812225814721
1026;3.23086622293463
1027;24.796422568331
1028;23.7067769014026
1029;5.91470899734342
1030;7.53234614600361
1031;20.3848939884992
1032;9.55023430815614
1033;54.2374454659275
1034;5.30439086745271
1035;2.29975260115114
1036;8.39902560797694
1037;6.3497116807091
1038;6.87804166883205
1039;6.08015927901343
1040;12.1577871691692
1041;6.26086441526902
1042;1.1170524168468
1043;5.28027019549469
1044;8.21261369510111
1045;6.67657652550322
1046;2.10378699772897
1047;6.98021689241167
1048;17.1362299256943
1049;6.83242983104709
1050;5.0832850666963
1051;18.1896357602249
1052;6.07678084916707
1053;10.877775639991
1054;4.01159479279808
1055;46.0058495282763
1056;22.1831307501776
1057;25.335359187372
1058;5.92735908839293
1059;28.3659270140622
1060;10.7713209305074
1061;4.07630857085837
1062;7.10863248856103
1063;3.09173886310624
1064;1.34051322761614
1065;2.63781950156778
1066;6.35724276390914
1067;1.97050863224857
1068;2.72714013030353
1069;1.57978373222896
1070;7.17043760768022
1071;13.9544171848714
1072;5.2214850052261
1073;6.17571652194726
1074;12.4019859956052
1075;1.25131251681095
1076;5.56967564387968
1077;14.5663938006602
1078;1.85034944344565
1079;25.6691945804532
1080;13.5194018263368
1081;6.4560588011631
1082;3.61977415433479
1083;18.3424733388451
1084;24.1436320183224
1085;6.95044577946032
1086;16.6225557017959
1087;5.80413425791108
1088;17.5361852051484
1089;6.26590129540962
1090;6.34489332835713
1091;19.1366389451617
1092;51.7470455908738
1093;30.8007589625503
1094;3.98545450923077
1095;8.00669079173554
1096;32.7244528408967
1097;5.11889323065048
1098;8.11235813256882
1099;40.6946003478009
1100;23.9536743562382
1101;21.3174397776738
1102;9.79746815769978
1103;18.9180713289815
1104;39.4477521247493
1105;25.1271154949797
1106;25.1458423707584
1107;3.2245419926167
1108;42.2023150741564
1109;3.14612644858433
1110;28.0217921260994
1111;2.39426196903419
1112;7.74908181624114
1113;6.98003528903354
1114;6.30075006444831
1115;1.58044969280994
1116;6.34018879589674
1117;1.59555074641294
1118;2.06852620199346
1119;2.0620933436027
1120;6.152825284414
1121;24.618458912329
1122;79.7549269558027
1123;10.2110666059935
1124;42.4880903763036
1125;10.4996567801091
1126;30.343880356541
1127;22.1107820826891
1128;1.84476296481785
1129;4.9433888149878
1130;17.2049946915285
1131;4.18688507418561
1132;7.15531679263738
1133;22.711683299827
1134;10.1207714525132
1135;2.13280812284252
1136;3.63064342983248
1137;1.97682357062392
1138;5.35197130550165
1139;5.26265604018423
1140;13.63704696225
1141;6.74687466964444
1142;3.26711075364548
1143;1.86398200208965
1144;6.90240557134095
1145;4.52208797771896
1146;5.19811212621111
1147;8.90086758805553
1148;8.08973812826182
1149;6.45845429937704
1150;22.5302786712835
1151;3.65932124420651
1152;12.4810353551528
1153;2.40496650217552
1154;18.054872781603
1155;7.3377503955185
1156;2.31891393516893
1157;6.23362175248666
1158;11.6414681625174
1159;7.23103295779874
1160;7.20231870569136
1161;17.6239192645606
1162;1.95659682761731
1163;14.0046350004979
1164;15.2538238492506
1165;5.63569272722905
1166;7.77608767625473
1167;45.8818370023633
1168;6.76904542357911
1169;10.432410303174
1170;36.8670474989205
1171;42.6684379842066
1172;12.9953187437635
1173;4.22963190659696
1174;8.23416576045547
1175;17.2261173986928
1176;7.79801398472919
1177;6.04559105323584
1178;4.29371276102727
1179;14.9379223701765
1180;2.49408463817022
1181;5.07863174384805
1182;29.1551957580121
1183;2.76656658424255
1184;4.48650021862263
1185;5.35427157926186
1186;6.94660012665018
1187;15.5456361573818
1188;3.13398036305759
1189;25.8633243407518
1190;5.93404567032681
1191;80.0402022413824
1192;7.18101552479657
1193;7.45394198296371
1194;28.3759172744539
1195;4.42320476530717
1196;12.5655853371823
1197;23.0507985382093
1198;5.91128672941003
1199;1.79607580021394
1200;24.5700850751487
1201;43.8035349677272
1202;36.7994182746582
1203;13.7836019863946
1204;7.48713339971393
1205;13.1392534785151
1206;42.6093770563209
1207;9.47852530062976
1208;6.65042119894041
1209;9.40876233120179
1210;15.7262522417478
1211;5.31200750577083
1212;16.4406417310946
1213;9.84498912840869
1214;1.96153038773321
1215;10.4123690359542
1216;1.58518352000472
1217;6.09066048514197
1218;7.11930790702522
1219;10.6211275222494
1220;22.1284171908844
1221;2.05309743699606
1222;5.26016719126021
1223;8.31445442506542
1224;121.596894461966
1225;6.66800327639882
1226;12.3609332676016
1227;8.41001790425518
1228;2.60311641132758
1229;7.06327011287411
1230;5.69271316788268
1231;4.98790791176526
1232;4.21274431709456
1233;17.7771908225381
1234;11.3013326098755
1235;1.69674307341583
1236;4.96448835669043
1237;2.52527729847756
1238;13.8963631418561
1239;5.44447574324583
1240;1.07247755588118
1241;10.0416801997676
1242;4.73392742762903
1243;2.7167513388769
1244;4.91406847479309
1245;39.9663644394917
1246;6.03666205390024
1247;10.4904206492704
1248;10.6598689940631
1249;11.9385648949129
1250;2.17104223448087
1251;22.2391298727041
1252;6.37073854798483
1253;6.47891326617649
1254;20.3065284043133
1255;2.54895179167319
1256;1.99842683673128
1257;23.7360992148804
1258;4.20496887799076
1259;17.1362299256943
1260;4.25594630315882
1261;5.31200750577083
1262;47.1422463646172
1263;16.2400283472591
1264;11.3279754297475
1265;5.39982765642523
1266;6.10957822921728
1267;27.6010098591848
1268;7.36419399783365
1269;14.6539550468708
1270;49.6180776527486
1271;1.16713335837424
1272;10.5365975064241
1273;1.86835971215862
1274;3.31475323161165
1275;35.4794251407003
1276;2.89861148682932
1277;2.92862407377818
1278;2.13980772169524
1279;4.50347579087459
1280;1.10034671704841
1281;6.47534666368228
1282;5.81300440231772
1283;6.19279836886165
1284;6.49133539091746
1285;3.42619901123871
1286;13.8385010243405
1287;12.6105609527305
1288;16.5459304581255
1289;19.0595132362105
1290;4.67572314427761
1291;6.54280685309821
1292;15.146499428705
1293;4.48694904908606
1294;52.5280562153752
1295;4.15827585513265
1296;1.52634654123382
1297;6.45475753644697
1298;18.4260933080828
1299;38.9200892507083
1300;8.14370727103098
1301;11.2754408996748
1302;1.41316122472638
1303;19.677183214842
1304;11.683849031893
1305;6.09814343132879
1306;3.59809343741336
1307;9.7369692858757
1308;7.0895025951865
1309;6.02342317144554
1310;2.79136912415023
1311;14.5101525078608
1312;6.11031331143383
1313;6.78624868688662
1314;6.97898000122965
1315;4.15179655167717
1316;54.7678755823666
1317;3.84404248889935
1318;7.2581687420354
1319;16.3466915688167
1320;16.8375908552017
1321;2.46160232667381
1322;5.27889774112232
1323;51.4844752452128
1324;15.9913514628902
1325;46.8828470439262
1326;24.9510922646693
1327;1.19340730976136
1328;1.60798885267921
1329;26.3859008944171
1330;7.17720841193577
1331;29.0777200852568
1332;8.91385396298845
1333;19.0452072697738
1334;25.0570261319085
1335;15.2435568391028
1336;2.98430448460368
1337;1.77415550085999
1338;23.5708939482837
1339;7.83853021664406
1340;3.60251281066486
1341;5.97878658457541
1342;41.8304405056354
1343;130.104802630951
1344;37.701688771512
1345;14.1364550048212
1346;4.77217197291658
1347;18.9878537912879
1348;11.9234675210045
1349;22.6463508703996
1350;7.78506875960603
1351;20.527150964164
1352;4.23203895548453
1353;2.74373767709908
1354;4.42932802041988
1355;4.46936294700544
1356;66.7272265087435
1357;19.7531579726981
1358;4.20607734933505
1359;2.04267123306374
1360;16.1377701245962
1361;2.46675733015094
1362;5.72603838747203
1363;18.238883082903
1364;7.02226577248984
1365;7.9404576283396
1366;17.7370071591071
1367;33.9263591919379
1368;6.47139149695119
1369;5.10618305726123
1370;10.8899217863139
1371;2.599128312571
1372;40.6548944797131
1373;14.9853053065538
1374;5.77729064291971
1375;3.42932947372382
1376;4.09476118537867
1377;6.93605945498043
1378;2.66741506685459
1379;1.85122978810761
1380;12.1511053306444
1381;27.4525760862502
1382;11.1551583501409
1383;18.5100686587022
1384;49.02405985919
1385;6.450328844114
1386;12.6266241239359
1387;18.8251971907875
1388;22.7228339658217
1389;44.6150721376258
1390;8.2585371933829
1391;8.02702357541929
1392;18.6117238507188
1393;14.1466048099289
1394;16.5935398793388
1395;14.5399086524668
1396;20.5299076762699
1397;6.298494069584
1398;9.3238929514578
1399;8.82272550042841
1400;23.4130018812559
1401;3.58430012623314
1402;13.0884066161882
1403;6.65175328534823
1404;3.1086399234686
1405;7.72536672843792
1406;5.82089348852179
1407;9.8818104186563
1408;3.9838985490195
1409;8.29563511446662
1410;12.570048431801
1411;35.4112952086126
1412;6.71580629900921
1413;7.14885356558539
1414;10.6442167053434
1415;36.2177654230742
1416;2.84230266020415
1417;14.0046350004979
1418;57.9743675232779
1419;5.99888252656619
1420;6.76354285393411
1421;21.4040026210555
1422;50.8925958230736
1423;3.23008384984078
1424;1.23044895863074
1425;7.28966607091064
1426;5.39646462070072
1427;2.84621878422544
1428;3.681090539446
1429;15.2538238492506
1430;50.3668000934749
1431;7.78506875960603
1432;15.9472998021237
1433;4.45994716675306
1434;30.5976953964134
1435;4.57816541122601
1436;12.6197951108096
1437;27.7868932061887
1438;57.1730170978269
1439;25.9849958086351
1440;2.72445861823259
1441;3.86402314520438
1442;33.9263591919379
1443;4.79830467293356
1444;5.86288681632653
1445;7.32486261260076
1446;8.66400364045144
1447;3.54549654525181
1448;3.49649222831881
1449;61.2860009787541
1450;11.1425417339643
1451;16.6387208149998
1452;5.99640306536091
1453;5.09731510357944
1454;6.42188987064514
1455;6.82596244108033
1456;32.7114295840514
1457;3.22260773214266
1458;3.69209380600858
1459;12.2055558798842
1460;3.95646889305445
1461;3.64066561019099
1462;6.88427779569137
1463;7.4170143525882
1464;7.39930078612158
1465;10.5818629804941
1466;8.00511958450865
1467;3.59809343741336
1468;3.82315533534139
1469;10.7580395030012
1470;38.3007630092432
1471;4.50477447304748
1472;5.43303441017144
1473;7.93927706373818
1474;18.7650451950799
1475;20.5202522733595
1476;6.3684390409654
1477;9.23211443993965
1478;1.96644396742092
1479;3.42932947372382
1480;6.74945563209988
1481;6.13161183652597
1482;4.96453717029001
1483;6.27695234890936
1484;27.0086118573528
1485;29.0534171506223
1486;1.89883817064466
1487;20.1582792285456
1488;7.02112600483442
1489;76.0138315050821
1490;11.7632318062999
1491;27.1985978408027
1492;2.20789275131244
1493;1.65359895188585
1494;5.07426150296655
1495;6.44024375458846
1496;10.9708034754841
1497;1.65164163518024
1498;1.25896148498333
1499;3.19875664284535
1500;23.1931602350402
1501;39.3560200653803
1502;7.67754027956547
1503;5.94908854049349
1504;5.08597591294831
1505;14.5201001201646
1506;10.2125093777101
1507;7.73662004672472
1508;8.85801681610481
1509;1.55439368424903
1510;3.61278729655067
1511;2.85807471495388
1512;2.96235708623381
1513;3.52709855058022
1514;10.6079442996499
1515;3.71641648823536
1516;50.9918904050265
1517;7.29871264242005
1518;12.3364458486162
1519;57.2391210113889
1520;3.10586715532018
1521;8.38322575677791
1522;21.3620872610001
1523;1.9485142696731
1524;8.92981737815934
1525;6.07947286658045
1526;22.7981520222879
1527;5.363062329875
1528;5.75686534254013
1529;5.58268033380814
1530;4.0570509782013
1531;49.5895087819118
1532;17.1718253372143
1533;14.7825790807236
1534;56.7621122632422
1535;18.2779151889565
1536;6.996674702907
1537;2.94662918349672
1538;2.96691000214931
1539;13.6054348950434
1540;7.71051872132113
1541;5.89105809345058
1542;20.9231467849917
1543;13.3080923357494
1544;2.38646602112314
1545;2.36717724489616
1546;1.23623766280474
1547;2.06344209415155
1548;32.6841078076881
1549;12.9025607739734
1550;6.37638385459171
1551;1.59610590699526
1552;2.21125573990268
1553;36.934376661439
1554;7.07660355819844
1555;2.45423296442324
1556;34.2422382888764
1557;1.95295806291814
1558;6.50454849223257
1559;13.7921772241697
1560;7.90620291077014
1561;8.16269319134358
1562;4.07740017298253
1563;1.88804920569717
1564;2.12624541180382
1565;6.77999673630376
1566;4.92734460461404
1567;10.9838218053429
1568;17.6663333856596
1569;9.44139804218707
1570;20.9364814709986
1571;18.7579844207728
1572;21.4486441666302
1573;3.51681040423135
1574;5.21130129201548
1575;4.58224179239877
1576;7.78954895055374
1577;2.99655363851721
1578;6.6696568727562
1579;4.78926845832423
1580;2.25068622241261
1581;35.3554858587582
1582;4.50477447304748
1583;6.11176351529256
1584;4.56265242594703
1585;19.0339478341429
1586;41.6137293245798
1587;2.47767422508475
1588;1.39119409765934
1589;7.06832936942043
1590;65.6302905725399
1591;2.41123216713546
1592;24.0358048177988
1593;9.13140475758954
1594;35.1240321151065
1595;17.2380938411213
1596;3.1384438048946
1597;1.93061155726027
1598;1.45409412478106
1599;8.1951314164256
1600;26.6070157195556
1601;9.70277642829329
1602;6.29220042930986
1603;1.65290454829689
1604;14.4740457327234
1605;44.3401876151331
1606;33.0882860150939
1607;1.98868847538656
1608;35.7705501389201
1609;19.6996429574602
1610;45.4679643228934
1611;4.70577998558324
1612;8.73355614062747
1613;6.17741577606761
1614;4.57816541122601
1615;6.08847379617044
1616;11.5293941703092
1617;125.096789517179
1618;15.2137101437865
1619;4.57464903321041
1620;12.5509707786856
1621;2.26268656746117
1622;19.0409807721445
1623;4.76884842195706
1624;17.221446903912
1625;5.00407636428581
1626;3.81451417737167
1627;6.57406912214409
1628;20.0178350179741
1629;18.0519710641885
1630;4.07718846230347
1631;14.4719572912228
1632;20.6653341055986
1633;23.1858890197287
1634;1.46222370752711
1635;5.86930772192556
1636;12.5931996571064
1637;1.37103886469103
1638;5.60411022105166
1639;40.7310129611839
1640;6.42725821833579
1641;28.6961731577702
1642;5.64285747207104
1643;1.61646642239867
1644;4.86006847607341
1645;6.39657323144543
1646;1.87137304211809
1647;36.1096267071616
1648;4.15179655167717
1649;21.2253717753587
1650;6.46032502940769
1651;7.28685413023194
1652;7.64273195915716
1653;15.8670341227094
1654;18.8273775138794
1655;8.29856847176515
1656;4.37762576657349
1657;5.13562103801071
1658;1.49355502033849
1659;6.77602170008822
1660;19.5103450369725
1661;3.9193985226152
1662;3.27094670061137
1663;3.81960017113971
1664;70.998961691428
1665;12.0815613443669
1666;3.13014961524022
1667;4.83719468408504
1668;19.8380772048457
1669;3.59045566037142
1670;36.1321998690176
1671;1.29277934503883
1672;7.92251935503781
1673;7.05714193611193
1674;6.28660091372759
1675;10.025703377512
1676;18.2152590685803
1677;10.7520715434625
1678;8.50864968341004
1679;20.8857818522205
1680;2.92925626529778
1681;21.3737331405256
1682;3.15776638391889
1683;16.8058736810843
1684;12.3038311490848
1685;3.95719687085417
1686;13.9065684784409
1687;5.42939557269528
1688;38.2540245207147
1689;6.50717162464294
1690;8.12399605223301
1691;7.24612378531841
1692;23.7611400788835
1693;5.19490114313885
1694;3.25407911905104
1695;4.99401745060909
1696;44.9588006321345
1697;3.59832333794745
1698;7.17984723627236
1699;4.92435253335473
1700;3.7379873255838
1701;12.7483963207267
1702;35.0100434771684
1703;2.13858940265203
1704;32.0013890623413
1705;20.2416024449914
1706;6.1907128964651
1707;2.3850759180376
1708;2.31984332657404
1709;6.39381448763636
1710;3.68539445369319
1711;5.06190280896082
1712;54.7473534915278
1713;6.91412560648929
1714;5.39085406201166
1715;22.0810996280856
1716;19.4986933431807
1717;5.27627303810166
1718;8.57608928228675
1719;16.2608294468001
1720;38.8786791619523
1721;5.05427282431389
1722;2.42151592565559
1723;8.08873301977259
1724;7.78506875960603
1725;13.5350138290961
1726;6.20984391072809
1727;35.4538982802525
1728;57.4566918205735
1729;6.29790967650193
1730;12.953492508823
1731;9.36488951342951
1732;1.09733288736037
1733;30.9928996439398
1734;7.86548766026826
1735;27.6105976993079
1736;2.76228991488204
1737;8.79900321737107
1738;10.8338376230696
1739;6.10355675696309
1740;7.31363145363238
1741;1.92558202829358
1742;3.27899833906982
1743;4.02416779261126
1744;6.57660833490121
1745;2.79476957447252
1746;5.44409749804468
1747;7.66435573458279
1748;12.9557502965722
1749;2.11560286344137
1750;13.5384928224802
1751;20.4243224376878
1752;29.4396983161796
1753;5.70615582788903
1754;7.18903569499331
1755;15.9844016551038
1756;9.33963607720286
1757;17.731079632078
1758;1.85723385686704
1759;16.757782746057
1760;6.05910815236876
1761;3.62015953375519
1762;25.6954429258105
1763;18.2872332775764
1764;1.47643104747218
1765;4.99463286993082
1766;11.2422721863396
1767;13.7092113666857
1768;28.5210945442399
1769;8.09181852310981
1770;3.51342841942868
1771;18.0368864463527
1772;5.12561184313645
1773;8.84883238081099
1774;1.78269326679942
1775;7.09816343306007
1776;6.20912907795594
1777;3.7095079295181
1778;5.21130129201548
1779;48.1819844938347
1780;7.75087694382299
1781;21.6138907945408
1782;61.2753080166834
1783;12.6629596563854
1784;12.3349070496983
1785;9.03047131830019
1786;14.8496001118886
1787;17.988214345612
1788;53.3500103091584
1789;11.6849300362908
1790;13.4363370223284
1791;1.13857476917763
1792;10.4069100949345
1793;9.23211443993965
1794;17.8100385263812
1795;45.080632192654
1796;7.00156084267847
1797;23.9536743562382
1798;4.89181043051895
1799;7.93755473451218
1800;5.40784671979381
1801;7.45415211970678
1802;23.9583559822999
1803;28.0579603382165
1804;2.52274866304598
1805;47.6551233356322
1806;4.05544628654554
1807;11.0123164175687
1808;18.8988440115579
1809;11.7695923079736
1810;3.89915797272119
1811;6.18482246019497
1812;3.3957047203059
1813;37.1001447896655
1814;8.35174501396369
1815;2.62931241669771
1816;7.26750822961644
1817;35.4137128618635
1818;23.288461885131
1819;24.8044628740745
1820;2.42227927986763
1821;5.88006700820147
1822;17.759151858445
1823;16.9319015317286
1824;5.6069870993231
1825;29.2058736098128
1826;3.15341268621468
1827;3.18323826713872
1828;13.9608988286039
1829;7.68885129645199
1830;1.64164397328834
1831;23.7330727231929
1832;1.51664066832981
1833;1.77983675940841
1834;6.15412650354674
1835;1.94976735240599
1836;6.35536503621918
1837;7.41176499965364
1838;2.79813253586568
1839;53.4115802307314
1840;3.16127434781026
1841;6.39657323144543
1842;22.7425954580887
1843;27.7562848277652
1844;6.42725821833579
1845;4.91758965045741
1846;1.44107616925306
1847;8.11345399824981
1848;18.1141169302243
1849;1.60591764891692
1850;2.50889943565575
1851;47.2441393356602
1852;40.6946003478009
1853;15.8981951420538
1854;7.17277340791728
1855;5.9677171445793
1856;4.9191810163109
1857;6.29220042930986
1858;2.53506826623544
1859;15.1022117128372
1860;6.87273468866069
1861;48.3109411103445
1862;8.45307895605781
1863;4.22963190659696
1864;3.55541701809124
1865;20.1725523448581
1866;2.71633127187564
1867;16.4471799333873
1868;22.4540982008342
1869;25.6695217719358
1870;22.4540982008342
1871;14.8772665654223
1872;6.91276513283041
1873;28.98854574699
1874;2.02359593509921
1875;19.4050621839794
1876;16.2732463710288
1877;29.4645274603713
1878;23.2313155413616
1879;51.0124275727041
1880;3.90369317071118
1881;7.68273936251969
1882;7.55125409362943
1883;1.46224167763209
1884;4.33481850920713
1885;97.9625022792972
1886;7.73421252692669
1887;1.80201575019866
1888;2.66429984482281
1889;5.11280820662551
1890;8.38485634630984
1891;6.97898000122965
1892;53.0624401530421
1893;101.742084220079
1894;10.9913615643389
1895;6.29887240669172
1896;5.75357278310797
1897;7.89518260369407
1898;1.64526107893204
1899;49.6748907046188
1900;5.89137438250603
1901;11.3290367739992
1902;17.110301698327
1903;14.1314198801925
1904;19.8273772453571
1905;14.96508263388
1906;21.2878076130675
1907;4.10579475585472
1908;37.3427355456771
1909;3.52709855058022
1910;10.6458992652858
1911;31.3691635149822
1912;18.134767482991
1913;3.69180334151253
1914;4.07080853166635
1915;6.11031331143383
1916;7.27593593906455
1917;12.6505380382253
1918;19.9343495136548
1919;14.9468033402359
1920;5.48068367620455
1921;18.5624433436196
1922;28.3085910878799
1923;19.1837681585331
1924;5.37810266272225
1925;5.37981846918193
1926;4.63619910973075
1927;5.80988796422219
1928;8.62248831577753
1929;18.0120212076205
1930;24.3550654322128
1931;23.65654131479
1932;2.31627358635774
1933;15.1236782147468
1934;21.6241239912781
1935;10.9426996046391
1936;3.93794249025372
1937;1.54013511237771
1938;1.70484805899955
1939;8.94173442820491
1940;7.70676166531272
1941;21.1820607079135
1942;30.4939080776189
1943;8.42896338505031
1944;18.3970486814962
1945;2.92013866454257
1946;5.56666471074651
1947;11.0475946559204
1948;9.72400418640937
1949;4.1336127138869
1950;1.45549966785292
1951;11.85638916671
1952;44.2373084750069
1953;4.71620808624353
1954;28.1794118241457
1955;7.68440111882595
1956;1.13605826363926
1957;8.27627903365386
1958;2.12626655905358
1959;13.379113859575
1960;4.05462012254404
1961;7.22685608098383
1962;44.9892959811453
1963;4.47870857352241
1964;3.50702180100356
1965;1.89473786724757
1966;34.6780795536019
1967;3.5027523715995
1968;19.9419190028241
1969;6.5853268732785
1970;3.13777543495128
1971;25.2854481408252
1972;64.938208309201
1973;1.2055117415587
1974;38.0285157576086
1975;24.4247210764988
1976;18.2984748857119
1977;51.2473903625383
1978;19.2781034263074
1979;15.2803027821386
1980;1.65359895188585
1981;6.28012730266235
1982;1.64152248429903
1983;4.93292199580453
1984;8.5325664503936
1985;17.2049946915285
1986;2.97943790587816
1987;14.9130921716439
1988;3.76032681647555
1989;5.56572942257712
1990;7.41932948708142
1991;3.53493424307738
1992;5.64023225097403
1993;3.35521431848531
1994;47.7111410387739
1995;4.42283925864986
1996;2.55757571885097
1997;24.7193058585408
1998;8.91385396298845
1999;3.58320495697106
2000;15.3892088804178
2001;18.3065581981833
2002;7.09182158382851
2003;4.15156362164108
2004;10.4188858380121
2005;5.32001483708403
2006;5.22306506882933
2007;13.2811971088357
2008;7.72372450514097
2009;55.9672164154342
2010;5.0776394022483
2011;14.96508263388
2012;86.1049175703197
2013;44.3895354772588
2014;32.8235383988544
2015;12.0883289272208
2016;5.83405624220365
2017;3.81609039469183
2018;28.3902011520362
2019;8.92361699758982
2020;6.25070002493652
2021;36.0964472381655
2022;8.88395963577586
2023;23.1977798692799
2024;18.0789278016638
2025;12.1180747932776
2026;36.2486611474735
2027;5.80703234565476
2028;30.9899151780972
2029;17.2586319136094
2030;12.3163858593596
2031;56.3107646001586
2032;16.731906945365
2033;18.9301764577881
2034;5.83761259820931
2035;6.26684253350219
2036;7.08750098195386
2037;3.29888681339273
2038;7.63993132672959
2039;6.75349394751458
2040;1.9034816687343
2041;3.40397222425982
2042;20.9364814709986
2043;13.049728172556
2044;3.05220506643567
2045;3.67579564152149
2046;21.3623865286048
2047;11.4114144082177
2048;7.73421252692669
2049;1.1759599076495
2050;30.0174702909178
2051;4.40250022125366
2052;2.24086104175899
2053;45.0741299078977
2054;2.72568122500078
2055;6.89991034650855
2056;3.36213779925128
2057;2.20863150458248
2058;14.8429404900202
2059;9.13355061203016
2060;37.5356664629555
2061;17.0287883677347
2062;7.23553344130783
2063;6.88217869859575
2064;3.68296201155182
2065;20.0178350179741
2066;18.4328443530289
2067;23.9536743562382
2068;8.08873301977259
2069;8.42896338505031
2070;14.9896808019348
2071;12.9025607739734
2072;16.8023868688199
2073;25.3813088065795
2074;57.8035150732665
2075;5.8396762904715
2076;6.31047573892223
2077;4.37644582522811
2078;13.3155351859479
2079;3.55848971809301
2080;23.1157648098443
2081;6.78027253415182
2082;1.26664227791442
2083;15.0875926991489
2084;3.56738645214661
2085;9.34643378040698
2086;33.9633487201704
2087;6.51233019332969
2088;16.9775206395441
2089;11.1357591074452
2090;3.17297249928872
2091;11.2405258541129
2092;6.49526727114363
2093;12.6426078679264
2094;7.23418657955046
2095;7.74427284892787
2096;41.3014576427314
2097;4.35767451755088
2098;2.24302699929758
2099;28.7743619941604
2100;15.0875926991489
2101;11.0388120564248
2102;5.82328377110018
2103;2.15406750163452
2104;8.02138704846658
2105;4.4254477199402
2106;23.9583559822999
2107;16.2577515944991
2108;58.0710684791698
2109;26.6123315602476
2110;25.4895908453306
2111;4.65727291531622
2112;1.78269326679942
2113;26.3127978138081
2114;14.6176304928642
2115;2.16299773375269
2116;1.65185566600059
2117;74.6437125887635
2118;6.66480664779618
2119;6.08126260534955
2120;39.5952415355473
2121;17.5361852051484
2122;1.13566554585075
2123;6.31051866292309
2124;5.33591533473622
2125;3.07743029442715
2126;2.477260535296
2127;4.25324943016803
2128;13.7255958005094
2129;3.02171641919644
2130;5.33591533473622
2131;6.92343820656125
2132;17.4678767974099
2133;25.23060656771
2134;5.50344690556977
2135;4.45051372327574
2136;14.7043511530002
2137;21.5522224663884
2138;5.70411207897745
2139;2.80139139458494
2140;7.90381186771204
2141;5.79177537502833
2142;6.82536831616083
2143;62.5431502235208
2144;8.03475463002534
2145;2.28560121451706
2146;76.0138315050821
2147;2.60358447954789
2148;3.03998591400212
2149;2.23679633027065
2150;6.61542709205418
2151;5.33335886675046
2152;6.89621290886393
2153;5.40269400326743
2154;4.11222400652713
2155;37.1992011905796
2156;1.73496481896943
2157;23.3063849366141
2158;4.30006728609594
2159;3.3212308757568
2160;4.17678132322584
2161;62.5549215534295
2162;9.36488951342951
2163;8.57073209289118
2164;3.92126434440488
2165;10.871284474092
2166;4.59702773470609
2167;16.0304376924493
2168;8.08873301977259
2169;53.1368448935484
2170;33.706379748166
2171;7.95103943655633
2172;6.27321386392186
2173;13.3872247352332
2174;5.65943197191538
2175;23.6821466274917
2176;3.59300386153049
2177;8.65874004275423
2178;2.33353175216031
2179;23.7392648214223
2180;18.4733326209613
2181;4.70816307653737
2182;14.1466048099289
2183;14.5344208073766
2184;28.4099031665861
2185;3.81695462167912
2186;8.86689579731955
2187;8.37774879373224
2188;25.849036443602
2189;3.70060183021594
2190;14.1443561132288
2191;5.32752477835901
2192;1.61323982172911
2193;16.030208636998
2194;34.8132354319038
2195;54.7559515348303
2196;2.99001598578088
2197;3.57276045461196
2198;14.2712063035782
2199;56.1233832105206
2200;20.9516271739384
2201;6.77602170008822
2202;39.8516529257916
2203;22.4112911482029
2204;9.25740713001853
2205;3.21275890912248
2206;7.62648856309391
2207;4.46197489044477
2208;2.34936563979416
2209;7.07485279245903
2210;2.4348314707859
2211;1.79405904629364
2212;7.45415211970678
2213;6.0075246439862
2214;5.74526201318684
2215;21.8069428929574
2216;26.4379168914681
2217;14.730631688061
2218;18.7449393530037
2219;4.21638761253168
2220;5.69883845255312
2221;6.3447690009286
2222;1.92087484266154
2223;3.41305172990244
2224;3.48802780912375
2225;38.153258490559
2226;2.69239398373181
2227;4.21799887768577
2228;2.20140039720404
2229;6.83242983104709
2230;23.0571375659861
2231;19.124785193988
2232;28.1251607728855
2233;1.90337043777911
2234;5.06142422246046
2235;4.90359317096374
2236;12.5247405962484
2237;4.35858237982216
2238;7.02431044933074
2239;26.5634747029986
2240;17.8431519613696
2241;16.2631779494472
2242;7.45394198296371
2243;47.1422463646172
2244;43.5044968980373
2245;8.1951314164256
2246;1.9965752476125
2247;2.10581321629971
2248;7.68710965456378
2249;28.7722432574801
2250;12.9042081328136
2251;6.93605945498043
2252;6.77904253521643
2253;10.8412154073327
2254;5.23356777733715
2255;4.98052265350849
2256;2.23633161356005
2257;6.50599744159553
2258;24.447916901653
2259;44.587002445929
2260;16.8339168880239
2261;4.12224900034667
2262;3.63700741763612
2263;4.07357786577405
2264;34.4338096886561
2265;6.35352867616802
2266;36.4963997655141
2267;17.7837044412397
2268;1.93611447557994
2269;7.27714055022401
2270;6.91247034924744
2271;3.20305938494359
2272;13.5788628433006
2273;18.2141705081713
2274;6.67169266404893
2275;21.8812584836003
2276;1.23044895863074
2277;6.67121160848035
2278;17.1677179618143
2279;9.10929748353564
2280;1.20414055604189
2281;6.30987231194246
2282;3.41449362903841
2283;1.79405904629364
2284;11.6464381966938
2285;17.8651832658076
2286;24.5406322757694
2287;18.447386978504
2288;1.52634654123382
2289;25.3015971389134
2290;5.03627202358426
2291;1.56020930838385
2292;28.0987268833382
2293;6.76295069103271
2294;1.25605074615857
2295;4.33603764142471
2296;1.58231820674758
2297;26.8026252814848
2298;23.158678698941
2299;23.1964435090895
2300;18.4828487367722
2301;10.7443762253234
2302;39.5685297818544
2303;4.35546772057382
2304;3.71600928849683
2305;1.52175819997587
2306;6.73264604462095
2307;10.7852250476713
2308;17.169103296799
2309;12.8715231340979
2310;1.95469694578771
2311;20.0596444167414
2312;1.72784236196925
2313;3.59646930618021
2314;18.6117238507188
2315;32.4356502934309
2316;9.47238270173777
2317;2.84888316492543
2318;10.2716226146225
2319;42.8591656179979
2320;12.0458627765609
2321;18.1056754580168
2322;12.5210745985348
2323;3.50099429526394
2324;4.91216756273288
2325;21.0587542656704
2326;23.8952447121058
2327;14.2896484740586
2328;15.5697705164267
2329;21.9864907882408
2330;20.3318287186974
2331;1.72523420582296
2332;6.05983885702242
2333;4.60972347222392
2334;16.2180978140123
2335;3.12423950403075
2336;7.8787120812501
2337;13.5328233175294
2338;4.66537427523348
2339;1.26123926589413
2340;6.05757150576467
2341;1.94297115605056
2342;8.17193125653045
2343;14.9606272271163
2344;6.56066448372539
2345;3.43336945208052
2346;1.84765888663871
2347;1.74562947332394
2348;1.73613738166002
2349;5.90045850138351
2350;32.5638163929707
2351;5.42063060190535
2352;7.70018501880066
2353;21.9589388962908
2354;5.2732820949912
2355;96.2285580461179
2356;21.0675320442514
2357;43.943080132444
2358;27.8914015082252
2359;23.4130018812559
2360;3.47993451925443
2361;46.8442228023222
2362;16.1143239876562
2363;3.65998426190479
2364;7.31033565001436
2365;35.7695969116996
2366;7.45394198296371
2367;1.92367587427924
2368;6.98008154883579
2369;11.0528137212591
2370;4.58329711210518
2371;64.4803262440478
2372;2.94042129194327
2373;17.5361852051484
2374;4.34978442494861
2375;21.8698715382575
2376;29.4665227313375
2377;10.5683395638822
2378;5.15619429399345
2379;18.4227084649014
2380;5.50651418492293
2381;4.71334880091523
2382;12.7483963207267
2383;6.2109439827897
2384;15.3892088804178
2385;4.02321910168116
2386;13.7743373735774
2387;79.5711619737931
2388;4.23232760360437
2389;3.54377270685319
2390;4.21972539106888
2391;18.2270736276607
2392;4.96453717029001
2393;7.7909966457544
2394;4.30755895112596
2395;2.12480100176525
2396;6.37237026979401
2397;2.26862606339307
2398;7.02944103351918
2399;5.39705443281522
2400;13.8182808423728
2401;7.99761008296547
2402;4.94281989286027
2403;10.4157731613918
2404;29.101886781328
2405;3.6839212679021
2406;31.9777231673194
2407;5.9080622202671
2408;2.77152752339164
2409;5.12561184313645
2410;6.481803996044
2411;7.98380126657746
2412;4.04721935097279
2413;3.61886208581024
2414;10.7730809872156
2415;6.377071204975
2416;11.4574272256543
2417;8.5885012424664
2418;13.2092517960636
2419;4.98790791176526
2420;7.52417904665128
2421;1.38103764558792
2422;1.52703768191817
2423;9.89805926473782
2424;9.08031898758859
2425;4.28778143673914
2426;7.59823609732083
2427;5.90984807160073
2428;7.77506696676262
2429;35.9170479726983
2430;4.17351684954129
2431;1.62417570218548
2432;6.09633948281432
2433;9.0814909093042
2434;6.93846953786309
2435;4.07080853166635
2436;25.5761367071638
2437;6.99873407741734
2438;3.30179367292228
2439;19.1514036599106
2440;7.12758547597544
2441;8.61301557636604
2442;3.22192051822236
2443;11.4422331838488
2444;3.62449189824638
2445;43.5918570876716
2446;16.3619402743772
2447;15.377739244528
2448;22.6173300612217
2449;7.03378772415399
2450;12.6221336689872
2451;5.62209361185807
2452;1.77762433904417
2453;6.67580936243355
2454;6.29741269378433
2455;26.0630067714049
2456;10.8285574818799
2457;16.3460704304542
2458;4.99334768714605
2459;2.80111550178705
2460;6.27249737982262
2461;1.42283319310339
2462;54.9013935444958
2463;8.54810424952794
2464;3.02632596272317
2465;3.82698893713787
2466;46.3340440424938
2467;8.83713715109288
2468;7.21264793087051
2469;59.3357072203842
2470;2.27641382739762
2471;4.93096941550678
2472;7.01924406797645
2473;2.94377522337117
2474;55.2073803063298
2475;19.3299651131287
2476;3.42932947372382
2477;3.06427818358152
2478;21.9153108646764
2479;3.53023263945055
2480;1.9497447474255
2481;9.02198456134108
2482;5.85321396168822
2483;11.5026773678379
2484;21.3607839085857
2485;47.6825972516926
2486;6.05927743095899
2487;21.7133437783787
2488;7.29634404056289
2489;1.06256351248757
2490;5.59074544811053
2491;23.5245606461644
2492;13.4843491509479
2493;18.6341077456956
2494;8.38289893597846
2495;18.4118095736
2496;2.39709551924288
2497;1.26342536508837
2498;3.71866573230758
2499;7.18695801234217
2500;2.33198271421661
2501;2.85365313439582
2502;14.307742846942
2503;3.99101880497156
2504;13.005952995978
2505;20.385435299072
2506;6.34230812055843
2507;1.91605829196233
2508;5.5459213229981
2509;17.5619283449755
2510;22.7981520222879
2511;1.98364959565113
2512;38.9387415529661
2513;14.600996568266
2514;7.16198248967273
2515;3.23573210971771
2516;50.4759852701156
2517;4.49349507318973
2518;18.3243148546186
2519;19.6686702733051
2520;13.488159968828
2521;4.8150081056962
2522;2.28560121451706
2523;5.53771034355877
2524;3.57131985349586
2525;27.762682061778
2526;3.36615452765805
2527;11.9876977058611
2528;1.64349100457505
2529;6.96386013757975
2530;4.83377937658982
2531;18.1308958613427
2532;5.00407636428581
2533;17.0541205749661
2534;13.9052808261968
2535;22.3721474552421
2536;2.77813451424706
2537;6.83329567386129
2538;4.20092006765984
2539;67.3616612342172
2540;48.6779516596964
2541;18.3243148546186
2542;51.9349347285414
2543;14.1830686735246
2544;20.4593986398182
2545;6.73243476384375
2546;11.1658279550299
2547;6.55756548956403
2548;1.72191387571368
2549;6.10810218489652
2550;18.3284164266724
2551;5.91128672941003
2552;9.12149260881393
2553;4.25682320762134
2554;35.9905585023091
2555;1.98823617590734
2556;18.7612473904461
2557;5.57539467382461
2558;10.3285335797619
2559;2.72573378862634
2560;8.17193125653045
2561;54.1818850186193
2562;4.08484752817088
2563;26.3927208826435
2564;3.96804453110814
2565;9.62398320029325
2566;2.9189420463511
2567;3.38683117558473
2568;19.2934847336574
2569;4.75818453788046
2570;1.81471457371144
2571;2.11658750912866
2572;1.45605701635006
2573;4.37062098272274
2574;1.56769481446879
2575;7.16672890184059
2576;6.45802269072985
2577;4.74616480604204
2578;1.93595573186233
2579;4.79680645731242
2580;1.67548778295186
2581;18.7612473904461
2582;10.943236885342
2583;69.0505662881873
2584;15.6289126749316
2585;6.81386545188018
2586;7.06832936942043
2587;4.22963190659696
2588;2.70605703560235
2589;1.61925638471095
2590;5.3090569834567
2591;21.5242311050934
2592;27.5284802577981
2593;25.6954429258105
2594;4.57870445947677
2595;2.73171295855931
2596;5.46189148731654
2597;4.92338880139967
2598;7.53262864958982
2599;6.10957822921728
2600;88.665853827661
2601;5.0791760076932
2602;7.96643695868071
2603;17.2578911906313
2604;19.6541840496851
2605;8.94357271922196
2606;26.6618503416569
2607;8.73197943554943
2608;11.2482888438654
2609;7.30510078509935
2610;25.5529703993988
2611;18.9107850357263
2612;6.45475753644697
2613;63.414008497048
2614;10.6458992652858
2615;7.14171636445508
2616;23.6603259197301
2617;4.01603025403054
2618;7.67696085552523
2619;5.64884061025798
2620;3.18909889792646
2621;9.24148023829296
2622;2.87709334214422
2623;23.5741104959763
2624;1.73388214353861
2625;5.53226918190744
2626;2.39575269841411
2627;10.9470473131321
2628;15.242143299286
2629;2.38646602112314
2630;11.0693374384613
2631;5.9691397373498
2632;16.1050569734181
2633;28.7722432574801
2634;19.3804948881041
2635;2.29035804800057
2636;15.5252360493924
2637;7.73421252692669
2638;7.72694414008244
2639;4.95627851122128
2640;46.4206139399675
2641;1.95590400296775
2642;13.4165077665939
2643;9.22959999607783
2644;5.47267024818857
2645;17.5373030794839
2646;18.5411481221743
2647;4.16619027934457
2648;9.78464800424576
2649;2.01227916457052
2650;9.94804652562477
2651;14.092943517869
2652;2.1381307693711
2653;1.73595417582853
2654;14.398312541989
2655;4.32206309037183
2656;15.148046502432
2657;3.23244748775865
2658;5.58403813132895
2659;12.6735362611312
2660;17.8644994720017
2661;4.82815350113356
2662;1.96080004133237
2663;17.3183035288751
2664;2.03459809115845
2665;1.07005990315246
2666;1.90637227867703
2667;45.7603045637482
2668;11.6247817681649
2669;11.0360226588027
2670;4.78456147923728
2671;57.7116743101666
2672;6.1798257759488
2673;2.18260627833151
2674;1.39119409765934
2675;28.0723599659356
2676;2.79681768265081
2677;10.3232257868517
2678;5.03487495187315
2679;1.77069596002936
2680;3.42932947372382
2681;5.86957930579767
2682;1.97357633263907
2683;7.65845756606327
2684;13.2866489598614
2685;87.8149049347003
2686;5.46810199197861
2687;7.70018501880066
2688;3.23994956147775
2689;5.24073288159675
2690;29.230543121785
2691;9.5300100398881
2692;2.1991756650948
2693;7.59416966648957
2694;25.6926321050536
2695;4.03048941379889
2696;7.51642413413067
2697;16.7936265246326
2698;25.849036443602
2699;8.32248952327594
2700;4.52541776071064
2701;22.021371742009
2702;6.39246322684411
2703;3.4856313325222
2704;21.6020019570391
2705;1.51401223700603
2706;17.6744218768891
2707;5.25486041709471
2708;20.7977332832092
2709;7.71910038505874
2710;3.89715507122565
2711;14.165725713482
2712;1.57338967081262
2713;6.34374357786441
2714;4.65727291531622
2715;5.95472149253873
2716;53.2609117129124
2717;23.1986125983243
2718;5.0784527420726
2719;18.3930968732591
2720;127.451792466464
2721;36.0090697963519
2722;25.7365273042631
2723;6.03658573896973
2724;15.3741064565378
2725;75.3390938301887
2726;2.64589417378164
2727;6.17328013107705
2728;2.23158393147921
2729;6.28094433658699
2730;4.21238655084497
2731;74.9686477201503
2732;1.54979294838225
2733;6.12249605024409
2734;3.59300386153049
2735;37.6538505652359
2736;18.3284164266724
2737;7.37245584830539
2738;2.65921479551928
2739;7.94191383573386
2740;9.03047131830019
2741;3.26503943063142
2742;2.02790552348728
2743;18.4127621744869
2744;19.8261313220667
2745;19.4306788974519
2746;3.67478105118717
2747;5.37143064095346
2748;1.81257386412028
2749;7.14692388113904
2750;40.79249367665
2751;14.6109474192376
2752;6.45522708490572
2753;25.0271376259388
2754;5.86952289927138
2755;4.50347579087459
2756;2.29126636730349
2757;4.86211862084776
2758;4.65695254285968
2759;2.73854248540853
2760;2.6010056042007
2761;31.578869062764
2762;8.10248632595326
2763;1.57304243557373
2764;1.7933150583229
2765;9.77792080216436
2766;21.6210441735234
2767;9.51565048879132
2768;56.6983369430644
2769;2.90474322697256
2770;18.2577068263762
2771;6.57406912214409
2772;5.6852689624155
2773;4.38683476484619
2774;42.9076680991929
2775;11.1391933842714
2776;6.53436618708743
2777;15.9663758291332
2778;7.32995462391774
2779;8.9614320639211
2780;8.47925037534423
2781;7.19995608546571
2782;1.71633512679878
2783;22.5335198205277
2784;6.70438885817237
2785;2.26761710690583
2786;15.377739244528
2787;14.5538307985282
2788;3.83045669551221
2789;5.44191283598313
2790;2.85001988746715
2791;4.89646401405327
2792;8.49910534775107
2793;5.07068229733099
2794;41.9508999667612
2795;4.09991600136736
2796;4.63619910973075
2797;2.96831903627506
2798;19.7897743324275
2799;8.50636501513272
2800;3.62235789534793
2801;5.10808349252307
2802;12.4080453302719
2803;4.50477447304748
2804;1.60969920774329
2805;58.1245009065505
2806;2.33206287045684
2807;1.62489264483588
2808;39.2679407218039
2809;11.1263543314713
2810;16.2548768297376
2811;28.2603599344571
2812;54.126572885506
2813;50.5430838127179
2814;7.20374053696386
2815;10.7998179763242
2816;19.6512190039737
2817;6.88399047620012
2818;9.72307766534177
2819;18.0557966727019
2820;4.74651876934343
2821;2.30616918788704
2822;28.7795816544916
2823;8.66908499046497
2824;4.11167468900465
2825;5.22373830145048
2826;34.3704745623709
2827;2.3869755885947
2828;18.135062671923
2829;3.42372754237832
2830;2.47767422508475
2831;1.31793466329995
2832;1.73200387782196
2833;6.92573317138969
2834;12.6006916014241
2835;5.0930330907966
2836;52.0377051031605
2837;3.675365531151
2838;25.1886200525616
2839;2.91332295716249
2840;3.49789236586825
2841;3.45459753318017
2842;34.9475753808991
2843;6.18486735634001
2844;13.3919819294095
2845;13.4967732910705
2846;7.47946904486433
2847;48.6273529126328
2848;18.6912605061883
2849;7.5419477562745
2850;15.3723749168026
2851;13.820238232652
2852;97.9625022792972
2853;1.54450146743772
2854;14.7806301247555
2855;12.7051363809059
2856;4.97015527824518
2857;5.83846417918044
2858;20.9516271739384
2859;3.59809343741336
2860;19.0145402987924
2861;49.9475657816719
2862;3.19045949113941
2863;2.07891348182848
2864;4.65727291531622
2865;4.99985871456027
2866;5.67570006614121
2867;25.3842529914487
2868;18.3700236004571
2869;9.17006174746035
2870;3.4228019430312
2871;23.9685355318214
2872;13.7092744924072
2873;46.8616441668323
2874;11.4239936562407
2875;1.5775602582344
2876;17.8470031137705
2877;125.643901521737
2878;38.9954037028233
2879;5.68272167641246
2880;3.59300386153049
2881;1.75352327966779
2882;5.00514454137102
2883;52.5930526382925
2884;73.0317478653753
2885;2.9924896784217
2886;7.27345935597661
2887;17.7177232808993
2888;3.67238672484199
2889;5.81009022314099
2890;51.3934965521014
2891;24.0688960521525
2892;36.1399119097803
2893;6.68174022660734
2894;37.9346109381606
2895;13.5788628433006
2896;1.1314249464258
2897;34.997938627326
2898;1.14126375976633
2899;4.81849348778494
2900;49.35859645185
2901;1.77069596002936
2902;33.4194057875012
2903;25.095214148665
2904;47.2460506728168
2905;5.83104654009561
2906;6.45845429937704
2907;4.51273669916908
2908;6.6301216873173
2909;14.558287064085
2910;14.4299774132596
2911;6.62311233528628
2912;4.94374772024419
2913;2.8447132229603
2914;4.6240650085525
2915;19.1361032847774
2916;6.43375757964651
2917;23.8654685667103
2918;37.6321319754815
2919;6.11081994040106
2920;21.3232723865281
2921;6.73995365154694
2922;1.96562440449145
2923;3.82315533534139
2924;78.9448927950581
2925;2.04683436520203
2926;17.2290866904446
2927;4.05836401062203
2928;7.00785100099877
2929;9.46306596130946
2930;7.75867253939314
2931;1.95128249884754
2932;27.8547611689255
2933;5.96683017508087
2934;2.30908742612396
2935;3.9363721194585
2936;4.70653845772288
2937;4.38204651543319
2938;3.8580795158856
2939;60.7880974891296
2940;22.8140243377206
2941;15.146499428705
2942;6.38888342746053
2943;8.62248831577753
2944;3.88996672136995
2945;23.6412262109656
2946;4.22571820284744
2947;50.8275446950357
2948;19.1743812327424
2949;4.7151328229941
2950;7.67867063191513
2951;34.997938627326
2952;1.98801011296666
2953;4.9223126291752
2954;16.1016114139292
2955;11.6055002579945
2956;22.8140522466118
2957;3.07387451063785
2958;7.35212943110255
2959;4.32353840304953
2960;14.056069381431
2961;28.845359614758
2962;5.07749595721999
2963;8.65520782502475
2964;34.122948676947
2965;6.06772704842731
2966;68.1696016908386
2967;1.88075610965508
2968;47.507473658039
2969;14.4882317065411
2970;21.7501320429348
2971;52.917174269536
2972;7.19995608546571
2973;3.98195506733468
2974;10.9914337978401
2975;8.46986428027369
2976;19.5250040661715
2977;7.56811911537276
2978;17.7024861072344
2979;3.29590909619339
2980;1.74330735225756
2981;6.12012107443851
2982;18.9922857227599
2983;6.42708517466474
2984;43.3618478309364
2985;8.898761965119
2986;8.46138362138484
2987;7.98309963921219
2988;5.21130129201548
2989;4.06093374231903
2990;4.89198743168669
2991;38.9971726066389
2992;41.1990947845242
2993;5.22619400606492
2994;3.67017173815112
2995;10.9140619894246
2996;5.97606550456497
2997;9.51710486164907
2998;8.10069573133386
2999;6.66363901025646
3000;15.2587953565648
3001;7.10812665699155
3002;5.89137438250603
3003;52.4068345626829
3004;1.94538886324794
3005;46.7045135797063
3006;1.25195375383685
3007;4.89678021291634
3008;5.34665665551197
3009;64.8518101171215
3010;44.0694037576788
3011;18.1672473632135
3012;11.1847758331776
3013;4.38358379070309
3014;4.2249752839606
3015;7.0841453785955
3016;15.6046450156016
3017;2.58524199475354
3018;5.2412865273756
3019;31.9115330125877
3020;69.5473410831981
3021;7.30595291617744
3022;4.4989704712868
3023;1.82078482405946
3024;5.1176461577896
3025;5.05122375752513
3026;8.14108859131397
3027;5.46941211489672
3028;38.5814620115998
3029;6.59953003010075
3030;58.3050473545681
3031;4.03576544444442
3032;19.5256332907218
3033;3.08742848812459
3034;3.2291963180779
3035;54.2163928667613
3036;2.94527572822964
3037;6.50717162464294
3038;55.9074269417107
3039;21.9432311071354
3040;4.94378026054445
3041;3.65563831659844
3042;14.2327788320307
3043;1.77244449222619
3044;6.71187017899258
3045;6.996674702907
3046;4.76884842195706
3047;45.0630668667097
3048;9.8972171234657
3049;10.797723885529
3050;9.62255656011519
3051;30.4594266607512
3052;7.88281433454264
3053;5.59082121669847
3054;5.34243817821117
3055;5.50389120356724
3056;26.5109091049478
3057;5.92662963185097
3058;2.61645642046762
3059;23.1014547444924
3060;28.5391731874572
3061;8.89169167745149
3062;17.2651351637703
3063;4.22430140163128
3064;9.09822831885713
3065;1.62138801723778
3066;1.48470965024773
3067;18.0000219828907
3068;17.2711075403593
3069;3.90354147881532
3070;3.93957943171605
3071;2.23822726843797
3072;55.5935406577295
3073;7.81339903503871
3074;8.01955527758606
3075;2.74158743538459
3076;3.44710571974429
3077;4.75480110025097
3078;18.5507967063479
3079;1.99651176620292
3080;1.5272409966315
3081;50.1203136873931
3082;21.8920082038731
3083;36.3691759570433
3084;10.983593136682
3085;3.2680905011666
3086;1.263745122139
3087;10.4885174502925
3088;24.1212000409421
3089;46.3340440424938
3090;4.14128253809835
3091;9.43648393896307
3092;3.80586443394196
3093;5.64578625803475
3094;23.3604719728293
3095;4.64823826644713
3096;1.50604661155033
3097;13.6852728914753
3098;4.64935386839588
3099;6.63119093914717
3100;2.67384425078193
3101;41.1141071979811
3102;6.23149157976206
3103;1.17941314940326
3104;4.25154701487733
3105;3.38617296979972
3106;2.34591815870659
3107;29.4665227313375
3108;10.8181745452588
3109;15.0983761043028
3110;3.44888016736744
3111;6.5011505291952
3112;4.56397062261643
3113;1.87572923841074
3114;86.4560321201468
3115;17.9307229981007
3116;2.52291493094484
3117;6.79585924532455
3118;3.92839781853407
3119;2.83242909545543
3120;7.62554800404041
3121;18.8273775138794
3122;1.83337115874744
3123;2.26272616660942
3124;18.1056754580168
3125;20.3252718537456
3126;23.6975580482498
3127;4.97920527374322
3128;1.61500088328346
3129;88.665853827661
3130;2.22885139957778
3131;6.79808943624002
3132;6.3447690009286
3133;16.6569121432116
3134;1.34269379790078
3135;2.81001102666617
3136;7.83805744845177
3137;16.6520716559756
3138;8.04707146878201
3139;2.24185395109357
3140;11.3052685422645
3141;17.1677179618143
3142;6.70861699603104
3143;2.03453842449097
3144;28.2790416617718
3145;19.614595046598
3146;3.25233977131349
3147;2.85365313439582
3148;21.5242311050934
3149;1.63889638856398
3150;1.46529740241126
3151;3.66190897348858
3152;23.5775921847719
3153;3.14685125490666
3154;5.60065532910868
3155;8.63472044271076
3156;34.4011478766154
3157;21.7104298624761
3158;1.74025293935162
3159;43.249136518285
3160;87.0056047786248
3161;19.373969885723
3162;4.79181757180894
3163;17.7118510137245
3164;9.45948449338226
3165;2.47177245896871
3166;40.5883193906774
3167;1.49343614410291
3168;23.8062782395748
3169;6.24736445845017
3170;17.5402963030854
3171;23.3452477978513
3172;1.10729092483693
3173;1.77280085167663
3174;5.51105696459984
3175;17.7373345520182
3176;1.7972288267204
3177;7.81619847971299
3178;16.8136437520569
3179;28.2790416617718
3180;6.36074349411026
3181;4.03146739780928
3182;32.3883263143089
3183;33.0845352705538
3184;1.84112755158667
3185;1.34499653710947
3186;16.5028282431472
3187;8.26924078381949
3188;36.8757519228305
3189;2.52618294118733
3190;14.0348961368596
3191;62.3613850564261
3192;2.78404041743219
3193;10.143113711322
3194;2.4525005780381
3195;49.0908775179007
3196;20.3348941497132
3197;14.4215750010461
3198;3.45511460858347
3199;31.1487049499986
3200;6.55246139567697
3201;76.0138315050821
3202;1.43415987974187
3203;3.96703432562518
3204;6.08015927901343
3205;9.42902053207905
3206;26.9056383168866
3207;5.31076101519025
3208;5.49577643542787
3209;3.59300386153049
3210;11.4422331838488
3211;6.92467853695896
3212;5.46828904053053
3213;6.2860954760378
3214;4.4922904215612
3215;5.0930330907966
3216;6.25460610854788
3217;3.83055744654767
3218;4.36455256798671
3219;5.99016170269306
3220;11.338813346059
3221;8.45912348429469
3222;6.6149576389115
3223;9.03047131830019
3224;18.4127621744869
3225;1.23044895863074
3226;6.75349394751458
3227;7.79801398472919
3228;8.12073355591292
3229;2.27864053077025
3230;18.2270736276607
3231;5.12010252867536
3232;24.796422568331
3233;5.8254907338645
3234;65.9533096922786
3235;29.2272107378737
3236;6.8160354578042
3237;33.3030161426146
3238;8.89070480761202
3239;2.2126615796526
3240;33.4512400708509
3241;2.81072921031843
3242;11.9663255330211
3243;8.10069573133386
3244;18.8845866618222
3245;2.25374257350078
3246;7.18254044406329
3247;13.2163909231972
3248;16.331669566203
3249;11.7241180987309
3250;6.50039550953823
3251;36.0123077903014
3252;8.30965960722165
3253;9.60551196368034
3254;1.93061155726027
3255;4.5351180144317
3256;1.99651176620292
3257;8.80889292158858
3258;1.81800559259054
3259;18.5631411383039
3260;10.3883350901014
3261;25.4642109161784
3262;12.8179993547466
3263;4.03915950405833
3264;39.414566241949
3265;7.97718874462857
3266;9.32334529542589
3267;8.61243972837451
3268;12.4414651465392
3269;111.397068136213
3270;7.45415211970678
3271;47.6049769761722
3272;6.57663363996126
3273;34.5237712749471
3274;6.49133539091746
3275;7.27744981654825
3276;6.63994786478196
3277;8.08601545626318
3278;5.0064903537291
3279;12.6428693756097
3280;31.578869062764
3281;1.99783309669815
3282;17.2008982516377
3283;2.6374709201531
3284;4.97186820019685
3285;7.96956906450504
3286;32.0052412754824
3287;5.26359557049612
3288;22.6545751287272
3289;5.00904294556287
3290;15.1439171324499
3291;1.82396970325258
3292;11.6833347508923
3293;75.9922711557308
3294;4.16837682494781
3295;9.02198456134108
3296;22.8616867786015
3297;13.3171154678485
3298;13.3744427304938
3299;18.9276768463643
3300;2.56111058879958
3301;7.66435573458279
3302;19.6585882638518
3303;23.1157648098443
3304;2.60675536749079
3305;8.69878540776811
3306;6.14762308935386
3307;3.92792365215184
3308;5.36312612181741
3309;4.10579475585472
3310;4.01546368615997
3311;1.97351759645731
3312;1.95340948111796
3313;1.73350540984024
3314;7.53234614600361
3315;10.0987789171846
3316;62.7732429546868
3317;56.3318688530158
3318;1.96772348712398
3319;7.02226577248984
3320;20.500413386742
3321;1.30236565924758
3322;8.51530680839392
3323;23.1858890197287
3324;7.09068832396808
3325;3.63489918336817
3326;17.7496631229129
3327;41.7910082046992
3328;16.1201240023878
3329;26.8764630227344
3330;86.4828292421457
3331;1.35078288960163
3332;22.6357308513144
3333;22.5942957331656
3334;8.63112112038321
3335;84.1838567194923
3336;6.12953604258143
3337;5.90485469952417
3338;19.1005958398094
3339;29.0225352987026
3340;4.17393176671464
3341;8.89655698683062
3342;8.53551641930663
3343;16.9319015317286
3344;22.4953705992566
3345;20.9981425099059
3346;5.96099144503233
3347;1.7807083737956
3348;17.0565225729768
3349;37.0369499068777
3350;1.91639336351497
3351;2.58856364280684
3352;3.05804819700491
3353;3.72558151622393
3354;1.80414614517862
3355;12.2572064916872
3356;5.18240530038033
3357;13.8379259880476
3358;7.37245584830539
3359;2.20015327147802
3360;27.8768859660467
3361;14.041929644285
3362;18.7422614150269
3363;7.66779515457494
3364;9.72307766534177
3365;4.04793162111553
3366;5.51264667335263
3367;6.46772175237304
3368;25.1271154949797
3369;9.62897715150173
3370;3.681090539446
3371;10.8781118039901
3372;6.7734541524049
3373;5.78150088135052
3374;3.76290901384959
3375;18.1914842201602
3376;1.41137918532477
3377;4.12960801599655
3378;5.40702513716822
3379;99.3259692137343
3380;9.13090412475966
3381;69.7612811438272
3382;6.82292043192178
3383;2.10707494851365
3384;2.96691000214931
3385;17.5402963030854
3386;4.52489936355215
3387;29.1136028237726
3388;4.06414909218545
3389;5.63481773401746
3390;14.693971427271
3391;2.0138877637243
3392;57.4566918205735
3393;54.5006521266468
3394;3.77169320136761
3395;4.18333631173707
3396;18.2991361935203
3397;23.5741104959763
3398;5.37694808541651
3399;49.0908775179007
3400;1.69420370801639
3401;9.51320334958364
3402;25.0454924155335
3403;2.14978515833874
3404;2.87852899532804
3405;1.10034671704841
3406;18.3819811163131
3407;6.78624868688662
3408;7.27807949922306
3409;7.97718874462857
3410;45.9363439583256
3411;2.30298025311034
3412;7.63025773367272
3413;6.15298130247005
3414;1.6767370987581
3415;6.90306607942621
3416;26.33506696907
3417;2.04707539139341
3418;2.39575269841411
3419;15.0191852052393
3420;6.09066048514197
3421;8.86758429832578
3422;5.38649720398668
3423;21.5520328876558
3424;5.57587758230758
3425;9.80462882999221
3426;6.54542864752082
3427;5.80988796422219
3428;5.02196405027166
3429;28.3010306009336
3430;13.16942159256
3431;5.24949293246292
3432;6.19556937831723
3433;1.72699410002141
3434;5.21130129201548
3435;6.61732521533425
3436;1.51304702971985
3437;1.628572501028
3438;4.21722513611308
3439;2.2800166215264
3440;13.5194018263368
3441;29.3058160523796
3442;6.20685291659687
3443;3.25416968992234
3444;28.640735991119
3445;3.5241583852243
3446;23.4130018812559
3447;2.03415574761633
3448;38.5705585640568
3449;4.80244196774478
3450;9.33969136272551
3451;6.83218211653533
3452;6.74687466964444
3453;36.8565849691308
3454;5.99016170269306
3455;18.6912605061883
3456;2.25477020865858
3457;49.8102387913535
3458;4.91049363744714
3459;64.1510596589154
3460;3.73868865036649
3461;1.27961463952824
3462;5.33546457503881
3463;9.74710888742793
3464;3.3171396751848
3465;39.5563577866339
3466;4.13848887968024
3467;15.3668002386928
3468;2.70530825209396
3469;6.77183189541009
3470;2.69239398373181
3471;28.8274317821843
3472;5.76561200133714
3473;9.16746834103766
3474;22.2311926266829
3475;8.94173442820491
3476;6.05273183053264
3477;6.66871412010597
3478;18.2872332775764
3479;8.87525606518895
3480;25.8202070902668
3481;22.6171426065784
3482;5.32512454500466
3483;17.3410115348959
3484;4.66791573418491
3485;5.11844618074177
3486;3.61490151318301
3487;6.29790967650193
3488;5.03011634167603
3489;15.6529639784348
3490;7.94494576225071
3491;30.1690854708033
3492;2.19939721506598
3493;18.1189472286954
3494;6.96386013757975
3495;19.0070031236923
3496;50.7223436107766
3497;4.43202057628255
3498;17.6731058747836
3499;3.79597338286937
3500;1.39119409765934
3501;3.25998794114541
3502;5.30152113571763
3503;6.72125795279849
3504;50.5980348237103
3505;4.59773215180037
3506;7.93550971658945
3507;10.9361829555026
3508;5.06861005219959
3509;19.0997173505444
3510;17.9533577797862
3511;6.51981675575544
3512;7.89616614389389
3513;20.9516271739384
3514;2.40419741302109
3515;37.1659064114569
3516;4.09991600136736
3517;4.34780149732112
3518;7.26428658342317
3519;10.4157731613918
3520;14.5095529462951
3521;25.849036443602
3522;2.90613709954183
3523;3.4735831684775
3524;11.7878166023581
3525;9.43779019586086
3526;3.43573668882615
3527;29.8713345001191
3528;4.48319071474565
3529;1.04253412408875
3530;18.1708080260015
3531;25.8927868597381
3532;2.46185338404927
3533;122.027112741975
3534;4.25616776140625
3535;49.6549288333248
3536;6.69442007516808
3537;16.5257392811791
3538;2.04687963725558
3539;1.80735814996964
3540;6.66599872045837
3541;78.0933999330669
3542;18.7449393530037
3543;23.0507985382093
3544;5.84477928780446
3545;11.548652661193
3546;18.8264783650861
3547;12.1171500554939
3548;5.09563545407645
3549;1.19118244585458
3550;2.19851685090464
3551;4.49116672712024
3552;1.99651176620292
3553;51.6794694845666
3554;4.89684141555583
3555;26.6075260756096
3556;24.4562235568618
3557;2.39997788793767
3558;39.9663644394917
3559;5.28851761128184
3560;71.4114279961677
3561;1.38464823578157
3562;3.88186005433689
3563;9.49668564115923
3564;1.56963896370776
3565;6.43337265906717
3566;3.58850644152371
3567;19.3542189513124
3568;15.5351015385603
3569;8.92304894901985
3570;32.1144534343174
3571;1.70464086667071
3572;7.51127250676896
3573;22.6188014185397
3574;2.57581342241164
3575;6.27935739715486
3576;18.6595397296708
3577;6.81856991136138
3578;24.2420158842582
3579;7.65845756606327
3580;15.7298414897604
3581;10.8606620884759
3582;6.94772854917569
3583;51.3455322263236
3584;2.32231027147918
3585;4.19597618689712
3586;3.65135394442361
3587;2.00325359023662
3588;4.45994716675306
3589;23.0507985382093
3590;10.5356440844392
3591;16.2095300209212
3592;7.72274021268921
3593;7.16957423918042
3594;15.719042372165
3595;15.9388470253289
3596;7.37743161208139
3597;6.34291617305438
3598;1.94483881328807
3599;17.1859335159692
3600;7.30953023835423
3601;27.0611305450937
3602;1.926928317327
3603;5.4367381790353
3604;4.03323020957269
3605;4.69869762288846
3606;3.65117158385236
3607;4.38551124453912
3608;21.7934216424933
3609;13.3919819294095
3610;6.08873661394752
3611;16.9420850687758
3612;4.81849348778494
3613;6.53163556914357
3614;2.98519729362625
3615;22.7362894266424
3616;5.4096414262332
3617;1.72784236196925
3618;6.57075598733515
3619;1.92518920944235
3620;5.93564004027477
3621;26.243698227769
3622;6.99667480906095
3623;9.7890046183168
3624;6.09066048514197
3625;13.5551487853843
3626;21.0587542656704
3627;11.6367098227065
3628;1.59805069780228
3629;2.45246884158758
3630;6.3922386707344
3631;6.08930271051482
3632;9.19945410465702
3633;5.39161214270805
3634;7.26754869361867
3635;1.25733095533676
3636;17.3715033674466
3637;21.9061764469439
3638;3.64912563664298
3639;6.95538421228809
3640;16.5321300556319
3641;10.0443662892806
3642;12.7236400008915
3643;3.27893716425269
3644;7.87139327055847
3645;6.50623644896575
3646;7.64258050483622
3647;39.6599884810659
3648;50.598746147621
3649;2.10538553848292
3650;6.56782533620558
3651;18.8224788334292
3652;5.26383171641974
3653;52.661446946254
3654;6.96235603368665
3655;6.68547894235244
3656;6.07265107410494
3657;1.37942510914467
3658;22.6188014185397
3659;3.20435496433737
3660;113.742808677673
3661;48.6381565866201
3662;13.5442550648033
3663;45.774777065835
3664;25.4007562128654
3665;34.3804030083821
3666;51.9018072199403
3667;3.0817076964882
3668;124.038689442135
3669;8.83774875041118
3670;7.58195409061654
3671;3.93410973024051
