id;X1
1;4.49756155615836
2;2.36373434600318
3;19.0515686797086
4;40.4439031638021
5;5.46796838558375
6;23.1506472650234
7;2.02726056464547
8;15.0508376882574
9;13.441983025021
10;11.9166875825836
11;4.18361431215024
12;5.20781337984476
13;13.204110872157
14;4.54067985645177
15;18.7436310454997
16;31.0660262817143
17;5.62428940232017
18;7.33983595022876
19;4.66998978572163
20;5.97107079193608
21;10.0543750332021
22;1.66401235535887
23;30.5674404591485
24;18.0871875572012
25;4.19209648847463
26;4.66954033459101
27;6.27893609559685
28;9.28807060030611
29;14.4731545967219
30;2.79280819061842
31;16.4347674567594
32;6.90522034716759
33;5.14385406009885
34;34.8623907596715
35;7.37848380873814
36;4.57164439753137
37;43.9687505433129
38;16.7020536225809
39;14.2826630103149
40;37.1413715456173
41;6.33563783646568
42;17.4324670942133
43;2.25833791268424
44;7.86724514095718
45;2.22861133140686
46;4.20821314319354
47;15.3056851878252
48;6.66514485042295
49;11.9384840949691
50;6.874327913775
51;7.08059568469002
52;6.03059975051254
53;4.93204599575804
54;20.4434913488406
55;1.5191082957254
56;20.6119932735146
57;5.26230412529169
58;6.83271205822228
59;4.19420174287972
60;6.53548652897436
61;8.42469922383246
62;241.683940147809
63;5.77672046101008
64;5.83373502312942
65;6.84675280728527
66;1.71309775430906
67;9.75333462034923
68;9.75333462034923
69;22.9935277837447
70;17.3651860465451
71;1.6972364109591
72;11.8436135496204
73;4.87363097942413
74;8.17918816885179
75;3.43278866803441
76;17.3673646962978
77;7.54070498410739
78;2.21248734710726
79;4.70853547975745
80;7.60138652322168
81;12.3332796638484
82;6.87650125103333
83;9.0788146621713
84;5.57376363147062
85;6.5119078406726
86;37.0216864476574
87;2.17124999619636
88;5.50366764421155
89;5.64495218216568
90;16.9656309089256
91;18.7779155167662
92;2.42783358853117
93;31.2059688601973
94;2.21059180133189
95;6.37081589777959
96;11.4250387914589
97;34.7437199993727
98;10.1792691460191
99;1.22935581515782
100;18.5207117587444
101;2.82046190911443
102;30.8240237174276
103;42.4400771501982
104;3.36722569014932
105;4.38305565665665
106;9.41761988301173
107;3.92887622759427
108;18.6364623048943
109;5.69764789133394
110;6.35884509504593
111;1.97589034483563
112;4.7451300888364
113;17.7811876568281
114;12.1970689569643
115;2.09532154723613
116;16.9656309089256
117;3.44222727244446
118;2.10568507650819
119;6.2652450609275
120;1.85169949943182
121;19.7388036347086
122;3.28381933051266
123;23.9520715575937
124;19.2554190885659
125;4.33672198643196
126;15.7824970304099
127;28.2773610656435
128;6.20475220585113
129;18.6088356447701
130;10.0464262805711
131;10.3706171611815
132;29.7443054314043
133;4.19318963805533
134;20.8318126107064
135;17.748396272145
136;2.81838555669283
137;5.84174959356177
138;19.6904297772179
139;2.55060028911945
140;7.31495388640311
141;2.6025411979572
142;3.45415150951598
143;41.3880205728478
144;3.83562586168888
145;9.35747709320898
146;10.8601564864505
147;38.5503339108133
148;6.89582686376939
149;16.8952562481287
150;30.6998103889332
151;17.2329207753537
152;18.5602218245517
153;18.7543021588996
154;1.89436678245715
155;3.57984668677901
156;15.3906637860327
157;1.89391694940326
158;2.60681189173227
159;5.68016469648996
160;10.6068699920004
161;15.7145985702683
162;1.52719515680286
163;4.35386373058269
164;3.15517990149064
165;1.22971510387993
166;4.56157922583343
167;2.91381679130366
168;1.83036065194404
169;18.201000168402
170;9.55201604019208
171;6.81343846449711
172;20.258397902773
173;14.3634899863788
174;14.6834200996864
175;4.16459486333183
176;17.7634233863905
177;9.55255094522848
178;5.38944571218978
179;31.7606014370327
180;62.0317230151651
181;18.6810234433412
182;10.069667894715
183;6.18657763109526
184;17.9391992745374
185;45.4770424307679
186;3.99793391907223
187;7.99293068069928
188;8.66003015159169
189;2.47096301283748
190;49.2488919645911
191;7.89189034049081
192;2.70308967037937
193;15.7315499951658
194;6.80960929780207
195;6.60830230378172
196;23.6904183076757
197;35.3093815574048
198;6.7482735029199
199;48.9237019189445
200;35.7191044842815
201;5.36448964153237
202;29.1411124432182
203;7.27349855876299
204;5.19972602326845
205;10.493027697917
206;22.3999744588825
207;6.51721995295879
208;4.3751314559758
209;32.3971272759839
210;27.8668592390119
211;26.0278786662355
212;1.44678101580926
213;18.1427487934357
214;17.0460735044554
215;20.1338640903089
216;28.8807002789095
217;23.5329025016703
218;11.729104092168
219;28.7666634476259
220;2.9567418685606
221;12.2827469540872
222;4.60170665665059
223;13.8618958370633
224;4.97080021465758
225;4.83907793699922
226;10.482612552278
227;19.2797403764398
228;8.17951021756198
229;5.9852079961515
230;7.42869923146454
231;33.153645218608
232;7.69320499407709
233;2.04768279244388
234;10.1570040798233
235;7.0048301278854
236;4.62743465044679
237;7.60660794433869
238;5.79360796679754
239;2.71027414190484
240;5.25953820036491
241;39.2296063208902
242;19.2855747178016
243;3.61167876528037
244;11.1855227368196
245;20.1217637191147
246;1.98158765439442
247;6.01988785234522
248;10.1748441432626
249;6.83271205822228
250;8.2628372275759
251;6.76270908996593
252;3.99314893350285
253;39.6522113375001
254;9.38596433309501
255;31.8498657322272
256;9.53319644976825
257;5.49971579332618
258;19.1658840492703
259;19.2745335658196
260;2.60138775660582
261;7.46449533659479
262;4.60419995720713
263;8.03696247620241
264;3.52227930599661
265;24.1740899382024
266;3.81119743516353
267;21.4420628820411
268;1.75180648692034
269;4.25263650006619
270;11.1220960078947
271;4.30885467461056
272;10.4435728355789
273;2.66056672830072
274;7.40270782277806
275;18.2457487306502
276;5.38146656721846
277;4.85570749339327
278;10.2728211020836
279;23.1885430776983
280;7.72909298750426
281;27.4185286381224
282;1.76430322130888
283;223.659862793988
284;1.45326713338538
285;7.40270782277806
286;6.8184580401267
287;6.96220949681882
288;42.1395830735782
289;7.25135911360208
290;10.1570040798233
291;6.84067275691853
292;7.18388390598271
293;4.82685991982472
294;56.5324115387193
295;6.57055454898443
296;2.1830024554041
297;13.0492084469735
298;7.18339454852914
299;6.35575289757179
300;4.27637500153389
301;8.27173135031095
302;36.8244356083907
303;1.56537578672465
304;43.4638410090468
305;5.09609820409132
306;21.1835530368785
307;8.16268644225217
308;6.09992682023861
309;6.1350310288129
310;10.360397251632
311;22.972375265888
312;19.3882896544097
313;6.19036801236791
314;18.1661267255839
315;7.65360739427521
316;2.84393161963933
317;38.3604540217464
318;48.8270211385656
319;2.79490161028821
320;5.47462402195277
321;1.52660020103899
322;8.43911017312317
323;6.39878080594051
324;2.74307318782565
325;2.07702812538443
326;4.11375113500204
327;5.9534738471294
328;97.2068422121585
329;6.76199710753894
330;24.7236327661305
331;6.64029771897512
332;8.23771249342358
333;16.4018479494106
334;21.9746215003354
335;13.7675739030638
336;35.9056709680217
337;19.0731826789095
338;33.0131132750554
339;16.960509513215
340;6.68735699930039
341;22.055619776115
342;6.96186623409704
343;4.86893282048277
344;44.2201778468091
345;14.9952483917462
346;0.782121320167763
347;3.31459796772139
348;14.7864721915203
349;6.09611186627735
350;2.37624357037525
351;6.45983155790042
352;27.5655441864841
353;31.9749230633036
354;1.52809580802514
355;13.7169883264098
356;6.45322811496265
357;55.767049045121
358;9.81906408982897
359;17.5935413410593
360;17.5155107939947
361;25.1921099935376
362;3.09114322579147
363;4.04628720633895
364;7.17358952648115
365;2.5463706643859
366;10.2505700607195
367;4.9125370908492
368;12.9292766676364
369;4.36549581017521
370;275.407153388504
371;15.1877400831465
372;7.40270782277806
373;5.27751282816274
374;17.6275702403415
375;3.0912279539507
376;18.1025068253533
377;16.8378873220768
378;7.12592161816455
379;4.20821314319354
380;15.3031191853474
381;5.78097626891032
382;19.5315412222429
383;1.33084987135795
384;36.3871840018875
385;5.58197922896737
386;31.2714644186832
387;8.25655825814226
388;7.31191860507856
389;2.34712222739507
390;13.7522125712607
391;26.9662821903628
392;11.6702658437535
393;6.30561114850807
394;18.8445332959258
395;7.31852778429922
396;17.4693589909938
397;14.6981913632143
398;3.88211568437732
399;16.9243989186104
400;5.08627145881446
401;20.5862606661589
402;6.35294348801996
403;3.25383027602481
404;1.85033632529099
405;22.4538009106322
406;2.11772331119185
407;7.39602926219146
408;1.07078361503738
409;20.1742085026653
410;4.5437833047792
411;2.44737191417194
412;7.47135576522334
413;8.98388691490637
414;8.13987467792443
415;30.4988606350956
416;4.62227071149292
417;16.4230886450979
418;3.5197105367367
419;4.59054986988453
420;3.87702462174897
421;18.366849275631
422;58.0140484356905
423;21.7883263434112
424;12.4145636614214
425;36.0410920698508
426;5.33719699377553
427;2.9444292614117
428;9.3466106961034
429;15.1511300752921
430;48.7168459208106
431;4.47821326444799
432;23.0680550091444
433;17.925748828335
434;18.5578520376399
435;39.5676296747053
436;7.36733064422724
437;70.2094125644588
438;12.4990507421474
439;50.3701056505958
440;12.4468500984022
441;1.74775857385424
442;44.1240750194263
443;12.0944592767605
444;7.54606212503176
445;3.38498747859094
446;6.53957921006462
447;5.72376989287271
448;4.8449558928779
449;23.7157539427946
450;16.7071984529301
451;1.9962956666309
452;6.04690217927568
453;4.4856765540585
454;8.06579359443426
455;18.6915847305789
456;26.3261947273941
457;4.43176131716448
458;13.659447189619
459;19.1686097164469
460;3.97220199441992
461;1.89169826698463
462;15.3671389645363
463;6.50219590462205
464;31.2059688601973
465;7.58805513296096
466;4.37403904031335
467;8.74302444211269
468;10.2364416151259
469;8.45078746589484
470;6.30298765093905
471;1.14245591792919
472;4.90603634971452
473;46.9105339543819
474;15.7721800554851
475;32.2416788841637
476;6.79958686547009
477;27.8856871768041
478;3.33607984578944
479;7.04952497365133
480;22.7576705911662
481;19.2402446558541
482;1.84183728220791
483;6.86890058219189
484;4.44512364576264
485;6.84861536585537
486;7.43451696254705
487;6.72107474288968
488;2.03991313466516
489;19.2247714996854
490;6.03935528128009
491;7.19669415864429
492;5.5732493671769
493;12.7484303496315
494;4.70258835246053
495;8.51519914359513
496;6.42892560442845
497;2.67397644564672
498;8.06101435005177
499;7.19391901539353
500;3.69769172330339
501;6.95285989837894
502;6.60028933939587
503;17.4693589909938
504;29.267390592607
505;6.64240573943872
506;5.74172131364271
507;4.36797871357466
508;6.74024814809386
509;95.8585657941295
510;8.77587209307809
511;6.5305154238063
512;35.8590592043376
513;26.2930750204089
514;14.5447275115229
515;8.28527611192925
516;6.90163915302759
517;13.9950186480893
518;8.29646362351142
519;4.96384605521913
520;2.48582362611816
521;20.2902183512734
522;31.3110879503325
523;11.3861392073882
524;17.416650239235
525;5.24144555441331
526;9.8037505035261
527;19.0677149858259
528;7.75755200802096
529;16.8138709148386
530;11.9737041264102
531;6.15549218019192
532;8.77487972581474
533;2.04533937866774
534;2.59153841082453
535;6.00712668826307
536;34.5437904941835
537;17.713774522352
538;17.148188845099
539;7.79247624736302
540;3.00853625049455
541;6.76498850715316
542;4.8790504746062
543;27.0882619550156
544;5.78277354205202
545;3.12163653236092
546;10.6096983237593
547;29.6845976611243
548;39.9262748995968
549;26.3648263881759
550;20.6060271058991
551;6.42397167286616
552;16.2954192775575
553;20.1705785526903
554;7.17798190618426
555;6.39067916133605
556;3.89867429590241
557;16.7578674314136
558;5.44730590670784
559;10.9567948131952
560;20.4434913488406
561;11.5987576931308
562;6.83809270287675
563;18.1266120242406
564;9.8590842723694
565;5.38399247747618
566;6.69696352861191
567;7.12519427918648
568;9.36871690317494
569;1.49994170175506
570;27.0152283782593
571;12.4693922685142
572;5.2663094589707
573;23.7599435994154
574;12.021040829553
575;20.2235538895672
576;12.614055787057
577;3.72965927688339
578;15.2089118292227
579;6.8590680113987
580;9.39565761942242
581;45.7203790004285
582;7.08059568469002
583;6.18657763109526
584;18.2720964144121
585;22.0110823622185
586;2.06898123186449
587;31.9722948800974
588;4.70203518298683
589;4.32692405295928
590;27.011897598029
591;6.57416315541198
592;5.75268756966501
593;49.5805317300411
594;1.99364643172875
595;2.77092893887802
596;7.43637276794059
597;4.22227023246678
598;5.4139360323806
599;5.8614923020248
600;5.28982422113536
601;12.423500169691
602;6.95665219163959
603;3.90052794244566
604;18.0659466231816
605;7.1994287057527
606;7.25320535409107
607;6.02048159878591
608;18.1307931730873
609;2.7164739082141
610;4.39156059213396
611;5.12812972049425
612;4.23009465826596
613;2.19073868657891
614;14.4764949671707
615;19.8636714660643
616;29.7261902038842
617;19.7533220607358
618;4.96283744790361
619;12.8204052031627
620;24.865816856848
621;6.30342928682735
622;23.4488382025615
623;7.78114710693376
624;9.06951085071938
625;6.55895681557979
626;13.4647891891536
627;16.7472701713215
628;8.56523649615673
629;6.34553455479782
630;7.15810374958352
631;3.49773450102683
632;2.17191692928417
633;17.6340144136467
634;7.32474951373157
635;18.4987935218578
636;6.43806156750944
637;18.7593943204635
638;14.7973656362688
639;39.1895433162165
640;11.3831729118515
641;2.79695675767724
642;14.3634899863788
643;6.68735699930039
644;8.0530030876282
645;17.3498288539286
646;50.5762557970426
647;5.66015246183113
648;7.70803863102941
649;2.08404235680459
650;4.96180175815725
651;1.20892366133493
652;16.4930135986922
653;15.5852686833606
654;12.7967569556582
655;12.6541769491027
656;38.5332622401732
657;15.2360647316204
658;14.4731545967219
659;14.5557113328023
660;6.47020875697032
661;46.4444545094867
662;8.03257146472552
663;16.960509513215
664;5.37158179512944
665;2.08065577250876
666;6.40217928457724
667;3.13126224118056
668;5.63558992406991
669;18.1319055761035
670;5.11490392824567
671;2.33258901924745
672;95.6974786149217
673;6.55676684586947
674;6.48058910718303
675;1.70603080097772
676;2.25375457952466
677;4.86174524300716
678;2.45289661294903
679;5.50683666911375
680;16.7224179087269
681;3.06243756135546
682;8.86006190697244
683;3.94093306941696
684;4.85330040007542
685;12.5574808921397
686;8.51293611134613
687;5.32823304704727
688;23.5834864336975
689;6.20557227619242
690;2.35342675969655
691;3.53346313306402
692;7.58530297230261
693;2.59840521101408
694;14.8014056730493
695;1.82085006652388
696;14.5885864377596
697;6.92923175674044
698;6.51165500806205
699;18.4088850748983
700;29.6891192322243
701;28.732375293371
702;9.00720443988683
703;2.10882932402587
704;10.0460087602181
705;2.31073677260901
706;7.21650867804173
707;1.70300222288923
708;15.8670141680956
709;22.291460303928
710;19.0911325468172
711;3.56357978124331
712;5.81667741171047
713;11.7463925178333
714;6.1350310288129
715;27.7283057421865
716;0.588269321143706
717;21.3038738296732
718;38.3860691240113
719;1.14999207170582
720;3.21350758495133
721;3.13377931224885
722;16.0640038070165
723;25.7355892728886
724;6.26365105610946
725;23.9902240915226
726;11.6292841315514
727;14.0375674186377
728;24.6825840480292
729;15.6006047436724
730;10.6407413621345
731;3.69207813849956
732;4.35865845096572
733;21.5582469235067
734;15.0947926005624
735;32.993629170319
736;1.69540150558385
737;4.18797904854745
738;6.50230808119805
739;21.4108681960799
740;2.71881141894043
741;35.9056709680217
742;4.87665804609304
743;5.44700608150847
744;6.48900681167503
745;9.82217166875697
746;20.4596321375602
747;22.8640019281064
748;26.5868763711808
749;10.3025849704399
750;7.60007248973349
751;17.976106873674
752;18.5646532466778
753;2.1069964238854
754;1.4972376771979
755;10.8921953156573
756;36.8052128521836
757;6.2652450609275
758;6.38904318808103
759;1.71928441544774
760;40.496691733098
761;17.6811582972158
762;21.6628761271822
763;6.60343743946756
764;7.59314741591909
765;14.4027266171187
766;7.37665418982723
767;4.82257139119141
768;5.68241199819327
769;8.03204813952435
770;2.31717896588621
771;3.31286405234774
772;29.8001199196062
773;3.90345955643565
774;17.4492491539776
775;9.34859862071062
776;38.3330427470021
777;2.57992899453361
778;18.5470700879655
779;6.75946143774632
780;1.53960633856814
781;3.63416954381201
782;6.72225248174284
783;4.4680226893112
784;4.61527016502608
785;1.61301884319237
786;8.91722407764255
787;17.5363711624963
788;13.9630780870913
789;3.786290335115
790;14.1488646152951
791;14.0024233741151
792;10.2605567424594
793;2.09137765470681
794;22.5710806337099
795;7.92490338806085
796;1.55199327228368
797;9.18337903643492
798;6.53333158059891
799;6.321934651056
800;2.27267005227604
801;6.14897173670335
802;3.90152566016186
803;8.17917364352535
804;30.5016625490496
805;18.0237507397242
806;34.9126634052867
807;27.011897598029
808;28.1165840494152
809;22.972375265888
810;13.8123021800924
811;6.06767038324605
812;5.56984751711267
813;6.625855924391
814;7.70803863102941
815;2.10846309234778
816;5.93867631468178
817;1.77652170395377
818;1.60620982605144
819;6.95567873223052
820;23.0661934555137
821;6.40605987076944
822;3.67243229818811
823;6.1377654191452
824;7.37848380873814
825;19.5315412222429
826;3.7734526083607
827;4.4277323556463
828;3.14896076425884
829;21.3063568446365
830;10.8316301048686
831;18.1278246119444
832;15.8850542751671
833;5.31671168918518
834;17.4204029597197
835;28.0100581490397
836;23.9991932215105
837;2.68338220338143
838;25.682511239378
839;17.2777798596366
840;4.48009617977035
841;17.4878412223103
842;2.04625458508253
843;11.3486806627744
844;4.90790732720235
845;3.83878692849782
846;20.0081317051933
847;6.24903142952539
848;3.79564961411436
849;3.87742178007338
850;20.454360685415
851;6.82640987644598
852;6.2850882274693
853;23.4108634174109
854;6.9347988246144
855;8.76376031624877
856;7.36598943240229
857;52.6625925564125
858;23.6904183076757
859;9.80843410529789
860;30.4584140004891
861;13.6654971251895
862;4.97611830726681
863;3.7113418111117
864;21.4108681960799
865;3.16112980699937
866;5.06497488576523
867;1.85074845458472
868;4.33035108406953
869;26.6192802482499
870;4.30567889043145
871;38.645985811515
872;2.96916886363398
873;17.06330009455
874;7.58530297230261
875;11.3831729118515
876;2.46979648383641
877;10.933541775543
878;5.86187745319366
879;24.6330534231205
880;4.88427672486351
881;14.7259432170331
882;7.21899536799949
883;20.8168894722751
884;24.0235810591667
885;4.14469412374205
886;4.14080410612308
887;6.80093111201344
888;8.73484334198969
889;13.719159267634
890;5.88127246449764
891;11.4883153452267
892;1.67349471413033
893;3.37268476782746
894;11.3980802631892
895;5.93257935560919
896;12.0134847898386
897;6.27447988591154
898;20.4109638525524
899;6.4624555259221
900;5.44610962148879
901;6.67357619946729
902;20.7302293533016
903;7.0999693138275
904;2.238384692704
905;4.85199840538469
906;9.15604102698974
907;7.84064284648401
908;4.08177697336846
909;3.30265940996742
910;5.46591797474384
911;2.58604237834158
912;5.67742414839771
913;59.7294346068662
914;25.7186653493469
915;1.08784165647192
916;17.8560447933948
917;13.0206490177256
918;8.76845756020321
919;5.00508623415175
920;10.6716686680584
921;3.80145813488783
922;9.92225488004566
923;6.26343313983604
924;5.75037912695338
925;3.46963694412678
926;18.4277977623435
927;6.54757042251051
928;4.22687060765482
929;16.5674309458288
930;2.91205666185223
931;4.71120785986457
932;4.62289112558154
933;1.94396629509857
934;1.74116926689971
935;1.96038863778773
936;43.361932669938
937;19.2821480954582
938;6.19634149804941
939;1.93872038894346
940;10.2631253430908
941;15.7315499951658
942;17.7785069013049
943;13.3407306410027
944;6.72487305516692
945;17.5566779977454
946;5.30109154516912
947;6.53541786536178
948;15.4134998348562
949;81.7702578436157
950;7.24473955875721
951;6.28066123803616
952;13.852064601637
953;9.91821216920409
954;12.2149323238539
955;2.16529987812569
956;22.9466395245203
957;16.0229180014959
958;26.5149913923316
959;11.7816872732943
960;21.5884029691134
961;33.4456721491448
962;18.7466167768924
963;14.7208446845739
964;23.1270672178809
965;22.8309108806301
966;17.575593362266
967;19.6061159644512
968;28.0100581490397
969;8.06463047281051
970;7.00854360003426
971;32.6047537758131
972;6.99306162923105
973;20.9617586325928
974;2.88166141914649
975;11.1351146887852
976;6.13718162110275
977;6.91057513032279
978;3.64595532811948
979;1.83088440838832
980;3.76129741041435
981;3.78794934568798
982;3.85282548386175
983;4.88427672486351
984;16.114796034948
985;10.0090478451063
986;14.1300197466581
987;2.3345283660726
988;7.85668032821823
989;2.33142639864194
990;13.7256012725981
991;6.52720305229387
992;20.0577348171
993;14.5834192542846
994;7.0736143201864
995;2.75170226998303
996;7.3718860713229
997;21.0203015820324
998;6.54232909296755
999;23.548150670229
1000;5.43914628108462
1001;1.27808820733104
1002;16.120420464362
1003;15.8099086760379
1004;1.88529049679995
1005;2.61111167023579
1006;5.75540552769013
1007;1.75599788414183
1008;1.61045023417644
1009;6.90163915302759
1010;10.6063931929602
1011;4.32572156729172
1012;3.19580857690411
1013;1.99103347797829
1014;23.9556172378087
1015;9.18337903643492
1016;19.4238287453656
1017;27.3879179793633
1018;6.85143880134279
1019;20.8344432233465
1020;6.68562632523047
1021;2.45615381117008
1022;6.77430182879395
1023;6.94149573205192
1024;29.4097103158023
1025;10.7644560175455
1026;3.1763667164266
1027;18.1469201008354
1028;23.0241749677415
1029;5.24041631086801
1030;8.62089907982738
1031;20.1184719558173
1032;10.5319979082378
1033;19.6204042686083
1034;4.88427672486351
1035;1.24921333429525
1036;7.07872558219574
1037;7.29134670746291
1038;6.76240735169545
1039;5.94405389700054
1040;20.5257835432017
1041;6.88236140983437
1042;1.47726119400222
1043;4.62860261034644
1044;5.91324998263396
1045;6.47602345939936
1046;2.13984461397773
1047;7.75239160026656
1048;22.5719958873867
1049;6.63799222617954
1050;5.07478188639094
1051;18.3937060647717
1052;5.28293919800869
1053;16.4920458633873
1054;3.60776131758775
1055;42.8867318922851
1056;24.4714271619208
1057;26.6937236083359
1058;6.02515102787467
1059;20.8318126107064
1060;17.6118487688246
1061;3.99064233317769
1062;7.34668172444942
1063;3.9191187111053
1064;1.41762328585529
1065;4.11824819256274
1066;5.13476744777161
1067;2.91894820584131
1068;2.73388163964633
1069;1.11660250415615
1070;7.32806219779535
1071;15.8020766898129
1072;3.36981444650975
1073;5.93844396561476
1074;13.1385451906683
1075;1.25363605298952
1076;5.85314331004163
1077;15.7127753972892
1078;1.41144797279047
1079;15.6536486879957
1080;12.7484303496315
1081;6.43707590214461
1082;3.61846194155054
1083;18.9826133286943
1084;26.4728194030489
1085;6.54110161598339
1086;16.5185665725452
1087;5.59143676051241
1088;17.4693589909938
1089;6.22644732870972
1090;6.22929699998192
1091;19.1061664893294
1092;35.7191044842815
1093;26.2745378328637
1094;4.20475521615304
1095;7.61686504724924
1096;25.0839265518059
1097;5.40844749485829
1098;8.28681111148509
1099;22.6289480213883
1100;22.7497499610645
1101;22.6786061338261
1102;12.1791051712446
1103;19.0451106303682
1104;34.6430754975948
1105;26.727213804141
1106;11.6652707986448
1107;5.12115308664012
1108;24.2524918708334
1109;2.54749291046497
1110;34.8434086391403
1111;2.32779026001861
1112;7.18899452910171
1113;6.16730023840611
1114;6.42764311443598
1115;1.99863883671937
1116;6.51809791853423
1117;1.53930389367679
1118;2.52614754231399
1119;2.56485610723561
1120;5.53310891156162
1121;24.2557821464106
1122;92.0337649670641
1123;9.70731655436367
1124;37.4931975715224
1125;10.8254972399042
1126;23.8227929472644
1127;25.1180909811408
1128;2.65604627418587
1129;4.62900425710026
1130;25.2523701463325
1131;4.6195259493518
1132;7.35053312427075
1133;20.723981025105
1134;8.94178274026053
1135;2.49798751987686
1136;4.35158936878263
1137;2.44553880283569
1138;5.49910599960982
1139;6.44609082671642
1140;14.1643295829188
1141;6.6600981051119
1142;5.92822887417623
1143;1.21540957739435
1144;7.16222962804316
1145;3.1718654864592
1146;2.81084607754668
1147;7.43292571669222
1148;7.20067415031764
1149;5.98114463077777
1150;16.3476419225318
1151;2.24818966840354
1152;12.0864929313989
1153;2.55195346214415
1154;18.5135832314264
1155;6.32774174026781
1156;1.68894932792876
1157;6.31914118128446
1158;11.6455374199098
1159;6.55559565444282
1160;7.17024246175335
1161;17.9935114260906
1162;1.71775510038216
1163;14.6983170401192
1164;14.5447275115229
1165;6.05537052581321
1166;7.2592437493017
1167;41.4926241747411
1168;7.12275332793255
1169;10.6334640751608
1170;27.9424169851545
1171;29.2501625782717
1172;11.9342269915738
1173;4.20821314319354
1174;7.40405015692904
1175;15.9680244045399
1176;7.99293068069928
1177;5.84038682380269
1178;5.32929461235632
1179;13.8320017075123
1180;2.0765540283146
1181;4.90913129199024
1182;23.3935654642282
1183;2.63206638009697
1184;4.71107026067369
1185;8.97288549127794
1186;6.52158165863277
1187;6.43618578235873
1188;3.25589204484013
1189;21.9624183922882
1190;5.7509382168144
1191;27.8270147632522
1192;10.4088412088705
1193;7.07158639545945
1194;36.242450373009
1195;4.89652913057457
1196;11.9788465527294
1197;22.972375265888
1198;4.93382803399117
1199;1.95599891697243
1200;16.0240570088032
1201;29.9193972556347
1202;39.1859462753327
1203;17.1222523957987
1204;7.25378101295959
1205;11.1595851378586
1206;36.4956515016228
1207;11.3056433112456
1208;5.21556353833022
1209;7.14217341179141
1210;10.9551858528132
1211;5.62706524018512
1212;14.9211857512859
1213;8.81068262611697
1214;2.35035425188658
1215;5.90763722662246
1216;1.95388210051872
1217;6.64895070732611
1218;6.78164351116583
1219;6.3917930663627
1220;22.9005366845787
1221;2.2744554826819
1222;4.80628512261803
1223;8.03104586855535
1224;58.5130134503609
1225;4.01983917169941
1226;11.972351111453
1227;7.22688890319731
1228;2.57593230906959
1229;4.76779805564829
1230;6.52063434528743
1231;5.24125596931807
1232;5.00366589427431
1233;18.1957031000566
1234;11.9266608390616
1235;1.95621995966782
1236;5.78304542219333
1237;2.27109716698378
1238;13.9630780870913
1239;5.28846872099268
1240;1.08962148037267
1241;11.0327275648202
1242;4.97299575862444
1243;2.66496873991865
1244;9.90595530700731
1245;29.2501625782717
1246;5.83386755893948
1247;10.8316301048686
1248;9.14463711829825
1249;11.8547378535301
1250;1.97393756310633
1251;21.7376654899765
1252;6.39286950849038
1253;6.12529372260828
1254;23.266369347748
1255;3.66884984252023
1256;1.53933516066008
1257;22.6504476030534
1258;4.87501414244726
1259;22.5719958873867
1260;4.25868955160152
1261;5.62706524018512
1262;35.4769657653057
1263;14.7184048495155
1264;9.7125649532968
1265;5.45995851044013
1266;6.23186818750165
1267;30.0565327034249
1268;2.55935668875353
1269;5.49891699840878
1270;30.525129407115
1271;1.15139958866695
1272;11.384992968302
1273;0.588269321143706
1274;2.7547614286292
1275;15.252663111345
1276;1.58224956856162
1277;3.73667047758004
1278;2.07089158219515
1279;4.39674300812166
1280;1.09526581190936
1281;6.65890097313448
1282;6.32443157261659
1283;6.15768449703582
1284;7.64898152976212
1285;3.51840466844541
1286;9.59860298763314
1287;11.9876715720702
1288;17.3206809279433
1289;22.4487608255452
1290;5.66015246183113
1291;6.35248110469142
1292;12.3378219659716
1293;3.52004574613221
1294;9.34400604922638
1295;4.57164439753137
1296;1.54939214077367
1297;6.18657763109526
1298;18.0945166701284
1299;28.2721433899054
1300;6.34543783688115
1301;8.98914980488122
1302;1.74609919303723
1303;32.6047537758131
1304;20.8630000184452
1305;7.28071755375012
1306;2.81847647353909
1307;8.84632463962761
1308;7.07098856045614
1309;5.88528422811505
1310;2.4664689689595
1311;14.9357152266695
1312;6.2652450609275
1313;6.81699966655085
1314;7.58085852433176
1315;1.98085700696288
1316;19.4301210371444
1317;4.56552212436223
1318;7.10432126426096
1319;17.1155746614986
1320;22.4119478330655
1321;2.76811158213911
1322;5.40560755975815
1323;9.17895229222198
1324;11.6973673399876
1325;42.9360946519406
1326;18.7405031291208
1327;1.15746804429884
1328;1.93648016815821
1329;20.8294452460748
1330;6.89968742141156
1331;38.1163952858507
1332;7.61971862461403
1333;17.9163279513282
1334;20.0112457026556
1335;15.8671646942875
1336;2.55864058978784
1337;1.67808446591625
1338;22.7984573424591
1339;5.80974975507947
1340;3.59367969216432
1341;6.53822468484826
1342;30.1817591029795
1343;114.704040853586
1344;9.80127320868677
1345;13.8063106622443
1346;7.38557132071496
1347;19.0731826789095
1348;10.825457042694
1349;31.3580556541953
1350;17.0460735044554
1351;20.7460584024849
1352;4.58527629570518
1353;2.33829670721296
1354;3.14330876965405
1355;4.3679184283302
1356;37.3863225410437
1357;21.6460727238969
1358;2.86820964481096
1359;1.5768614784947
1360;16.618197194161
1361;2.68237055366083
1362;7.10252492283664
1363;17.6301888131271
1364;6.75159406570544
1365;8.13987467792443
1366;21.3505184457107
1367;31.7351466622054
1368;7.1832891378063
1369;4.68072534033428
1370;10.6068699920004
1371;2.21001148257342
1372;22.4274069853384
1373;10.5927303419052
1374;6.1631167422997
1375;3.48952208982982
1376;4.38569754779874
1377;7.47894317846068
1378;2.75843402439504
1379;1.92100981169034
1380;20.9338533148184
1381;17.0019693727004
1382;10.7905417451009
1383;18.8153521989823
1384;8.84071675945094
1385;7.47686003968248
1386;10.9150990916811
1387;19.0911325468172
1388;34.280820666842
1389;17.7777867349682
1390;18.5936912404073
1391;8.20609709319368
1392;21.360734086442
1393;12.0112850555108
1394;16.429906162277
1395;10.7217107602117
1396;18.8800151083009
1397;4.55202799003556
1398;7.28065085724378
1399;21.8317902090277
1400;22.8640019281064
1401;3.37033936632571
1402;14.5395873103317
1403;6.21337357622794
1404;3.27204698075708
1405;8.15575464526323
1406;4.52694889377837
1407;10.3706171611815
1408;4.96673286860812
1409;6.73032242684726
1410;14.4764949671707
1411;21.9941523216156
1412;6.91396669984092
1413;7.31772675234095
1414;11.6502324222685
1415;22.8788098400842
1416;1.35086563216729
1417;14.6983170401192
1418;65.0537664991705
1419;4.53060881227744
1420;4.36568093818478
1421;19.88860514351
1422;44.9239775240363
1423;3.6011504044309
1424;1.33938957435984
1425;9.02105423979606
1426;5.22945794443576
1427;2.59302182412833
1428;4.75599950423493
1429;14.5447275115229
1430;15.8099086760379
1431;17.0460735044554
1432;16.3067933404138
1433;3.97685832614199
1434;27.2135474199735
1435;5.31368889585353
1436;11.6568861542921
1437;27.7684475592727
1438;26.955878405331
1439;20.7191386025546
1440;3.25405973627556
1441;3.78208567584517
1442;31.7351466622054
1443;4.59366558124904
1444;7.30732156899546
1445;7.40270782277806
1446;7.33491484723853
1447;2.94015404676859
1448;3.50459695954162
1449;48.9237019189445
1450;10.2272771800141
1451;18.5114709737509
1452;5.3758370861682
1453;5.21842914279446
1454;7.19391901539353
1455;6.62779714451616
1456;24.6243690087305
1457;4.46196002751274
1458;3.54344769676129
1459;10.2505700607195
1460;2.91140682101232
1461;4.04416373212287
1462;6.77968158370055
1463;6.28811490462208
1464;6.84067275691853
1465;9.91292507212003
1466;13.1627846346409
1467;2.81847647353909
1468;3.95409650191598
1469;13.1750130619629
1470;30.5452685178397
1471;4.16459486333183
1472;2.9497621402029
1473;8.13388230892828
1474;15.5638658069513
1475;16.4312206529002
1476;6.27487969886304
1477;8.29944135207606
1478;2.21958490307521
1479;3.48952208982982
1480;6.72225248174284
1481;6.3456717677157
1482;4.88068104439265
1483;6.26358012806426
1484;22.8954820553542
1485;22.5656666762237
1486;1.81292554521412
1487;16.9726470538207
1488;5.67283792368944
1489;32.0575290139491
1490;17.811302272985
1491;33.334329634687
1492;2.76684378515149
1493;1.23949143150764
1494;5.46704778886472
1495;7.16840042576466
1496;10.2798082630794
1497;2.00606840600067
1498;1.41415264101821
1499;4.05977698291492
1500;20.892081368109
1501;35.2499747063559
1502;7.62254063875867
1503;6.00712668826307
1504;5.08446914040542
1505;13.8953430299691
1506;8.31849874064592
1507;6.59417160551214
1508;7.52406783342103
1509;1.4407436848159
1510;4.39251875002908
1511;3.07936729109833
1512;3.10985938187096
1513;4.35612172742434
1514;12.2798723367863
1515;4.1634914645059
1516;43.5925328120023
1517;6.82348131376275
1518;12.5128382386558
1519;63.8856683304767
1520;3.39265440665987
1521;7.44102736556406
1522;24.9244823079245
1523;2.69015787921056
1524;8.73015639535468
1525;6.33135735897842
1526;22.4801881266162
1527;6.41874319721039
1528;4.29149865887431
1529;4.96922009957647
1530;4.13466182542675
1531;47.8666353419931
1532;22.2949106710231
1533;20.4434913488406
1534;36.301115145482
1535;17.8083119541939
1536;6.65400374380383
1537;3.02255603913928
1538;3.48331371537236
1539;5.25102991469628
1540;7.04671797298529
1541;6.64679079907541
1542;20.496379900502
1543;13.6786524201653
1544;2.65009494126695
1545;2.92868691436644
1546;1.48236983152328
1547;2.99275060592179
1548;25.7009447034194
1549;15.4083166207339
1550;6.40229244893127
1551;1.44400768441232
1552;2.29714900542478
1553;7.81356205186495
1554;6.83647184527006
1555;2.40574724769449
1556;22.3088831747656
1557;2.70051699471745
1558;6.26702382043746
1559;10.2018843438979
1560;6.78461701407295
1561;7.28065085724378
1562;5.8562644459684
1563;2.21937954535305
1564;1.61432965557913
1565;6.98392473277007
1566;4.56266036390053
1567;12.3896870055436
1568;17.3324661605878
1569;11.0201321071723
1570;20.8688666427845
1571;20.0631830555961
1572;20.376298363279
1573;3.72617548189549
1574;4.88068104439265
1575;4.14906217660352
1576;7.32757116032256
1577;2.88643132316696
1578;7.81054800748079
1579;7.66411389831119
1580;2.48305567453227
1581;19.1741234384945
1582;4.16459486333183
1583;8.00803233953289
1584;4.11235507444015
1585;15.7428060175461
1586;30.1177832868909
1587;2.82151523019701
1588;1.21149226007621
1589;6.71684428752533
1590;7.01049424589265
1591;2.01921820739036
1592;16.6971024652858
1593;6.81003739327976
1594;28.2524454981005
1595;16.6190349654402
1596;3.8013950873638
1597;2.0263133816715
1598;1.74229168758443
1599;8.35253022425273
1600;28.2389026571864
1601;8.67276681871738
1602;6.34307945123475
1603;1.56709371672292
1604;10.4358845425099
1605;57.8892637425739
1606;25.2103714130958
1607;2.66332971576801
1608;22.3999866539327
1609;17.8399231836661
1610;18.8850060475528
1611;4.85330040007542
1612;12.3060051546575
1613;5.92692779991734
1614;5.31368889585353
1615;6.09425662731623
1616;10.90776545237
1617;28.8844774293446
1618;14.0527890566331
1619;5.23580187192412
1620;7.36760155391708
1621;2.74221352555758
1622;23.3423106423219
1623;4.51986114300583
1624;17.2050526807913
1625;4.68041585371136
1626;3.83177090200356
1627;7.0802091120594
1628;18.7322228682123
1629;15.9661983044259
1630;4.88470037498192
1631;15.7824970304099
1632;21.7027972674486
1633;8.6820494290109
1634;1.37252646919462
1635;7.10341767144421
1636;20.9966314961423
1637;1.22477068758092
1638;4.80499672946042
1639;27.0152283782593
1640;6.07201539236571
1641;21.358677002907
1642;5.80689317781027
1643;1.65601012598923
1644;4.95862344376519
1645;5.66744496658815
1646;2.69536552823218
1647;29.4310807791054
1648;1.98085700696288
1649;17.0884510006185
1650;10.0158068373596
1651;6.99089426850413
1652;6.0750224779683
1653;15.6006047436724
1654;18.7466167768924
1655;8.89741032131514
1656;5.34673219724361
1657;3.99013340011584
1658;1.61658648522943
1659;7.43451696254705
1660;17.4785801460229
1661;5.02295989014114
1662;3.13818385732943
1663;3.84923857888803
1664;86.4289325629018
1665;10.8521024479216
1666;2.69081317537887
1667;4.77680305650943
1668;21.3600131936366
1669;3.34732145627532
1670;24.0217611017117
1671;1.50676213907963
1672;5.40035512818237
1673;7.0048301278854
1674;6.27031253559337
1675;8.89844667910687
1676;18.8870151491993
1677;12.6372092650942
1678;10.2562537697258
1679;18.9151883297054
1680;3.13709328254097
1681;18.347463029593
1682;3.38465495387312
1683;17.0346658622251
1684;13.958157002519
1685;3.97374600994919
1686;6.10076880344492
1687;4.94798594330696
1688;10.010273710679
1689;6.74785121278343
1690;6.96186623409704
1691;5.80663024708085
1692;6.49864867292136
1693;5.37941266832919
1694;4.96355513615793
1695;5.26188935268372
1696;41.1869627505325
1697;4.0315567105356
1698;6.91023360641393
1699;5.40213721362489
1700;5.20772277279474
1701;12.5718280496613
1702;32.6768754742491
1703;2.25869427178996
1704;22.3471983713796
1705;22.5491644300808
1706;5.9994413911431
1707;2.94797759313344
1708;3.35511161824255
1709;6.80300237593922
1710;4.30885467461056
1711;5.40147479228199
1712;46.9105339543819
1713;6.94771156626349
1714;5.65055641490852
1715;22.3240766362393
1716;19.273921890708
1717;5.75540552769013
1718;10.1481170623451
1719;16.18076987113
1720;29.6550695177452
1721;5.7345987603538
1722;1.57184330068047
1723;7.25389967842838
1724;17.0460735044554
1725;12.6288459749295
1726;6.89107782515986
1727;49.5195895078563
1728;46.4506716910455
1729;6.63304155451394
1730;12.2162987211635
1731;10.1329922589102
1732;1.67556627804547
1733;25.6557615143819
1734;7.6500279760288
1735;26.829757882748
1736;3.00760672445332
1737;10.5378942639426
1738;12.1677442930352
1739;5.31989843484541
1740;7.29797146442199
1741;2.58599566899533
1742;2.3937761714062
1743;3.68155946846834
1744;6.32937506155589
1745;2.13519639402768
1746;5.76596355316397
1747;7.29360265840068
1748;11.0105880090081
1749;2.27624773336569
1750;10.1252687286931
1751;16.6143488484956
1752;28.9456249757694
1753;6.5731968818434
1754;6.05047910999689
1755;17.6395950758356
1756;9.17041559457486
1757;18.8275036276721
1758;1.86289450318869
1759;16.8952562481287
1760;6.47888313416292
1761;2.92487695578626
1762;26.347397315681
1763;18.7876347829823
1764;1.60444295822014
1765;4.68937346895216
1766;10.482612552278
1767;14.075361151987
1768;22.9395905098352
1769;5.66340176677621
1770;5.68016469648996
1771;18.0193778253549
1772;4.93179932088684
1773;9.26007191651935
1774;1.32393475254269
1775;6.37833458607185
1776;8.76639530024522
1777;4.20152558097349
1778;4.88068104439265
1779;27.8804176924855
1780;7.11360200331213
1781;21.0203015820324
1782;41.2717257088693
1783;7.80738661160739
1784;12.2352202742138
1785;11.8844818429297
1786;13.4977299431286
1787;16.3475029253989
1788;50.7203085105986
1789;9.53591633088012
1790;23.6929978634401
1791;1.75926443918214
1792;9.73712496923689
1793;8.29944135207606
1794;17.9289334250565
1795;33.1855459423906
1796;5.94425860601425
1797;22.7497499610645
1798;6.00185363590184
1799;6.64184149683415
1800;6.58619431224207
1801;7.21609024208904
1802;9.12953244560298
1803;26.3420161558234
1804;2.69638995576621
1805;9.74299715819574
1806;7.81006035916221
1807;10.5158143884348
1808;25.9817801074521
1809;7.60007248973349
1810;3.99064233317769
1811;7.09923501426136
1812;4.15994664281721
1813;20.8144965203822
1814;8.31576058296182
1815;2.91712797428562
1816;7.66259017840565
1817;9.03769492767484
1818;25.0093775249939
1819;15.1276227295774
1820;2.98034525177113
1821;5.99384423953265
1822;26.1230458522542
1823;14.8513486948409
1824;5.11429878142522
1825;2.13230922462384
1826;3.92967763558675
1827;3.32630067034474
1828;22.2066291360971
1829;8.19880950121344
1830;2.18208340810529
1831;28.0345756912965
1832;1.67064044171625
1833;1.99393251033978
1834;6.35301127709388
1835;2.07702812538443
1836;6.4247698924565
1837;7.21532811361742
1838;3.00095833586034
1839;39.2196891746372
1840;2.81947282490456
1841;5.66744496658815
1842;20.9262119753882
1843;25.5114589588967
1844;6.07201539236571
1845;5.48268404805516
1846;1.62351196490174
1847;6.84461560174205
1848;12.3752585627577
1849;1.56554160707131
1850;2.18457290177362
1851;47.8877836440768
1852;22.6289480213883
1853;15.6561366648187
1854;6.874327913775
1855;4.62274213336981
1856;4.75745484578871
1857;6.34307945123475
1858;2.44194902081805
1859;11.7343328971907
1860;5.87389925546332
1861;31.6975894186708
1862;11.558640200464
1863;4.20821314319354
1864;3.89239011973913
1865;25.6615424201757
1866;3.38207903658241
1867;19.0267056230401
1868;15.960961271018
1869;31.1061969527468
1870;15.960961271018
1871;15.760958614921
1872;5.54489198598509
1873;20.6301354398618
1874;2.23418703167228
1875;19.7728403689929
1876;16.3647932145334
1877;23.3299005542623
1878;27.7289144338144
1879;17.1552878309858
1880;3.72086454505624
1881;6.79607936325993
1882;6.99205226692796
1883;0.865845997760245
1884;3.78155488358333
1885;14.6843615825024
1886;7.78943054420975
1887;2.47726521465071
1888;2.49641532332663
1889;4.6990743257572
1890;9.94177865889779
1891;7.58085852433176
1892;24.1822331751376
1893;31.895486740418
1894;7.63263654128758
1895;6.63792822868155
1896;6.1274539511218
1897;6.3325174457122
1898;1.95532820686167
1899;40.956994059475
1900;6.90204447120926
1901;18.1041991303086
1902;17.2166372673107
1903;21.1059566639932
1904;15.7616344052111
1905;14.3862663162438
1906;17.419520875953
1907;3.84819987557429
1908;27.6891570064571
1909;4.35612172742434
1910;11.4497377112424
1911;17.6006512105791
1912;17.4750984049494
1913;3.57448447856844
1914;4.48009617977035
1915;6.2652450609275
1916;6.17364284379489
1917;13.9477855627353
1918;28.5048253374844
1919;11.5474315223051
1920;2.97038318760416
1921;20.1705785526903
1922;26.4954717291133
1923;12.9101029372092
1924;6.2381009458379
1925;5.25571439875217
1926;5.2663094589707
1927;5.62064171149105
1928;8.92133921334216
1929;18.7697939258639
1930;21.9230908435666
1931;8.93695813917868
1932;1.41660041818268
1933;15.4314020860947
1934;19.8750402982337
1935;4.52900790329113
1936;3.89809862302719
1937;1.25277013002885
1938;1.72210843411567
1939;8.68227513925761
1940;9.57924430114028
1941;18.6871626930048
1942;29.7533184936946
1943;8.31413951488651
1944;17.7909652725265
1945;4.17407873661277
1946;5.67882025200969
1947;7.43358605364308
1948;8.78556542263622
1949;4.59315025543079
1950;1.76496385299162
1951;10.6241207581375
1952;32.2419678374301
1953;4.84984688688498
1954;27.0212625455945
1955;7.386983628694
1956;1.26032730334475
1957;2.86199263990976
1958;2.11255724885393
1959;4.00209312191477
1960;4.12232316640113
1961;6.61294861889243
1962;114.207763802933
1963;5.87667113305419
1964;6.12445412388393
1965;1.93200917764928
1966;31.0660262817143
1967;3.75222040028291
1968;17.7362461283566
1969;6.7482735029199
1970;2.09992328747529
1971;29.355899506082
1972;32.2139652480785
1973;1.20803368244048
1974;44.0167117860098
1975;22.5416422814212
1976;17.9513385605964
1977;8.44282088384
1978;19.1251132668428
1979;12.4235470817853
1980;1.23949143150764
1981;6.34858054378552
1982;1.62607326802514
1983;6.99247162021938
1984;10.902935380999
1985;25.2523701463325
1986;2.62726204202634
1987;7.73409574191017
1988;3.57427582547343
1989;3.92103612811796
1990;7.17468436315682
1991;4.38916673075915
1992;7.58122581823266
1993;3.54598912653233
1994;23.9355536839682
1995;6.69777336227853
1996;2.71325512982558
1997;35.1625254358311
1998;7.61971862461403
1999;5.31489220683875
2000;20.2240518018808
2001;17.6561752999351
2002;6.45797807243448
2003;3.60563128168786
2004;10.4715739678977
2005;5.73249375431255
2006;2.95925873008086
2007;13.2488853495206
2008;8.82322255854076
2009;25.323166369392
2010;6.096549993729
2011;14.3862663162438
2012;47.1160181355677
2013;17.4985010136653
2014;37.8521524909933
2015;13.4647891891536
2016;6.45881175708434
2017;4.87665804609304
2018;26.7130075355248
2019;10.0102116166201
2020;6.46250489096329
2021;35.086168260758
2022;10.3622331133522
2023;26.0780641109795
2024;18.6485492559426
2025;11.2525234267487
2026;24.011764138199
2027;6.13161869932077
2028;33.1148777618307
2029;23.7113892703159
2030;8.87413587584505
2031;27.8856871768041
2032;16.3405965999664
2033;18.9429612482921
2034;5.73921697470527
2035;6.22769067495567
2036;6.12575276919902
2037;3.61140257984515
2038;8.46870274893345
2039;7.15620789434077
2040;2.09608043316782
2041;3.04215961885032
2042;20.8688666427845
2043;14.5557113328023
2044;4.17015976451031
2045;3.51116677152579
2046;24.6767820214715
2047;11.9728319585104
2048;7.78943054420975
2049;1.34494685910644
2050;28.2387759490566
2051;4.88987248210096
2052;2.27149519325132
2053;36.5392865488787
2054;3.71294084508252
2055;6.47297667329248
2056;3.25416758337472
2057;2.85335992707911
2058;6.45817878627525
2059;8.31413951488651
2060;28.6684454297291
2061;22.5541510302611
2062;6.75739766800959
2063;4.24033326335886
2064;4.70024277862564
2065;18.7322228682123
2066;12.8587082750372
2067;22.7497499610645
2068;7.25389967842838
2069;8.31413951488651
2070;13.925231078316
2071;15.4083166207339
2072;17.0235265209292
2073;20.2849155337702
2074;24.4397134437774
2075;6.27014946119558
2076;6.69682500419587
2077;4.59319781561151
2078;10.6470881389583
2079;2.94232010810124
2080;20.0577348171
2081;6.53846922653928
2082;1.22719559133976
2083;14.620696904036
2084;3.98745424687067
2085;10.2264812472546
2086;15.312222570383
2087;6.6362365416878
2088;15.2611446597019
2089;14.7864721915203
2090;4.79422224986924
2091;25.5242723182865
2092;6.66108036876716
2093;13.6548531748214
2094;7.24435663542722
2095;7.63002119860993
2096;16.9533263809762
2097;3.92200190687475
2098;5.50085993308671
2099;27.8268314061773
2100;14.620696904036
2101;12.1430393626443
2102;9.66452363690212
2103;3.05756182188155
2104;13.2358609073651
2105;4.26757464925168
2106;9.12953244560298
2107;13.8350302144025
2108;64.811135508957
2109;20.0442252286382
2110;23.371671476649
2111;3.95846226066051
2112;1.32393475254269
2113;8.9767026832264
2114;14.9577301223022
2115;1.92449654743335
2116;1.59332131415343
2117;71.7709623980265
2118;6.65556658965784
2119;5.82232254209172
2120;24.8318196244313
2121;17.4693589909938
2122;1.60547620618488
2123;6.33812850376481
2124;5.20405177374246
2125;3.42032451201148
2126;2.19073868657891
2127;5.6898058201481
2128;10.4433117189492
2129;6.85081544425487
2130;5.20405177374246
2131;7.29891346379598
2132;17.5880639997178
2133;13.5232827515057
2134;3.67490249761659
2135;4.6970199210164
2136;13.6326579931047
2137;20.0105385291302
2138;6.01654343096574
2139;2.64481918980908
2140;9.67096907842939
2141;3.97024183375498
2142;6.74318508226731
2143;56.3585981231218
2144;7.7816031410465
2145;3.05617000834642
2146;32.0575290139491
2147;2.44045768413463
2148;3.45777883842187
2149;2.16420904085246
2150;6.11886702583261
2151;6.50230808119805
2152;6.90466747098747
2153;5.84638031192937
2154;4.08752948227046
2155;25.2378021931946
2156;2.51385025483615
2157;11.0287752547916
2158;4.54106645524537
2159;1.74029348708428
2160;4.5955228130872
2161;17.2534803356207
2162;10.1329922589102
2163;8.36410705271591
2164;4.3478712681689
2165;15.7088738988882
2166;3.89770238506595
2167;17.1891390502057
2168;7.25389967842838
2169;9.7756066523671
2170;21.48375198549
2171;7.60504187456714
2172;6.41795541637873
2173;20.7770599037681
2174;5.39887313416606
2175;24.1312820655019
2176;3.9236091843926
2177;4.24669082731063
2178;3.07680923816986
2179;39.8657910403506
2180;17.4696891399884
2181;5.42991800476721
2182;12.0112850555108
2183;9.2194756858691
2184;26.8130120088152
2185;3.7734526083607
2186;6.95661191390903
2187;7.43204032984082
2188;33.9949606057011
2189;6.70057559104827
2190;13.9539003552517
2191;6.45769310929183
2192;1.71139501741338
2193;16.7775854073117
2194;43.9767840471163
2195;22.848234781427
2196;4.56582062158431
2197;3.78534783926944
2198;37.5453750471633
2199;6.10900518246472
2200;20.6409420866937
2201;7.43451696254705
2202;35.1880216184669
2203;20.3886518097377
2204;7.63923592030703
2205;4.39121030269788
2206;6.48506046471265
2207;4.39121030269788
2208;3.15896366908958
2209;6.89204495978169
2210;2.13010484193614
2211;1.97567579616173
2212;7.21609024208904
2213;6.05659646903129
2214;7.57380134491821
2215;31.9772453196594
2216;25.7355892728886
2217;14.4385127468787
2218;18.464114119827
2219;4.19849480795348
2220;5.69429657853932
2221;6.48511197049346
2222;2.72203520786864
2223;2.89768930468857
2224;3.37268476782746
2225;29.6866612355806
2226;4.93479056303807
2227;4.3392030455392
2228;2.45101750436105
2229;6.63799222617954
2230;8.96863180106127
2231;20.9381647753113
2232;27.1394570260275
2233;1.96086356624646
2234;1.38622916966286
2235;5.83989909486925
2236;7.47073580027359
2237;1.10455026616488
2238;6.67805946118007
2239;31.5638121394237
2240;13.0254949376566
2241;16.1926905186175
2242;7.07158639545945
2243;35.4769657653057
2244;38.2791881887311
2245;8.35253022425273
2246;2.85359880858127
2247;2.60353388909568
2248;5.45262001888657
2249;25.4095204314667
2250;9.51035684637345
2251;7.47894317846068
2252;6.78253345758231
2253;10.3335013135872
2254;3.81595916243562
2255;4.35131145824921
2256;3.32958163322379
2257;7.72340390173347
2258;22.6593808137527
2259;38.3044608584728
2260;16.8125155736653
2261;4.32547163607526
2262;3.0406482353142
2263;4.15248509233229
2264;44.020715383563
2265;5.89770632563384
2266;23.9198306430042
2267;17.1699972568225
2268;2.64499262919432
2269;6.84952878514696
2270;6.42760176716511
2271;4.42553794407474
2272;13.9319785519571
2273;22.3971809140223
2274;6.31137401679396
2275;21.3505126275921
2276;1.33938957435984
2277;6.73050924224192
2278;17.7018279361437
2279;8.26402174171493
2280;1.31397849451575
2281;6.35214704656222
2282;2.26221156775497
2283;1.97567579616173
2284;10.8953441797219
2285;17.148188845099
2286;22.1186904907102
2287;18.7408074001768
2288;1.54939214077367
2289;29.1034714682053
2290;5.62222629139393
2291;1.75450050019958
2292;20.7681765101247
2293;6.95567873223052
2294;1.37265390409998
2295;3.84269364186623
2296;2.33450611281731
2297;21.1835530368785
2298;28.6562815414893
2299;19.7302333055153
2300;18.7301425491584
2301;15.5215758532487
2302;24.9527747161538
2303;3.88962077961415
2304;3.03656146254012
2305;2.19680463993797
2306;6.74624786664733
2307;13.3130028126534
2308;18.6886899900887
2309;11.6893459986959
2310;2.23600752880388
2311;25.2601748339489
2312;1.46864208266397
2313;3.94119926209934
2314;21.360734086442
2315;31.3240439787035
2316;11.1664588146312
2317;2.67804846193196
2318;7.11222029359418
2319;26.7193272255571
2320;10.3192796728585
2321;18.9002031163609
2322;20.6386810091666
2323;3.82781197735959
2324;5.65950474384119
2325;22.6282885723884
2326;15.7076583054842
2327;13.753805299498
2328;15.9930205876146
2329;20.1217637191147
2330;22.9505249460524
2331;1.99256884427278
2332;5.3749643629424
2333;5.55114608159854
2334;16.3032865951856
2335;3.31890599512843
2336;5.06387377668992
2337;13.8886476574171
2338;5.08627145881446
2339;1.83036065194404
2340;7.16960641741628
2341;2.6614051273883
2342;7.37848380873814
2343;8.84530249655415
2344;6.46579824600254
2345;2.98689595013114
2346;2.51229863850938
2347;2.30294082053641
2348;2.02680435647804
2349;5.68756059202477
2350;30.7911490424876
2351;5.5918285678058
2352;7.57324183973188
2353;21.0825837730244
2354;5.04584659238297
2355;188.112235065076
2356;19.9137775886803
2357;19.5113820915185
2358;22.3086469666108
2359;22.8640019281064
2360;3.46071071007147
2361;21.9534874309652
2362;17.1545830757542
2363;3.9852202979362
2364;7.2916686486366
2365;22.7576705911662
2366;7.07158639545945
2367;2.73625282459452
2368;7.39778460474241
2369;11.3902764437431
2370;6.20347643241632
2371;39.106322526733
2372;1.37088440342957
2373;17.4693589909938
2374;2.6452994259344
2375;21.5123538090756
2376;27.011897598029
2377;8.00616833614021
2378;4.81806886589716
2379;19.14345653355
2380;5.511680115244
2381;4.32599573678661
2382;12.5718280496613
2383;6.12276837380458
2384;20.2240518018808
2385;4.40744221811165
2386;13.7550182361721
2387;35.9058551819332
2388;3.87315337880498
2389;2.19418532667481
2390;4.07395269649236
2391;16.6203875624919
2392;4.88068104439265
2393;18.1088825477067
2394;4.9774805193256
2395;2.31835047567204
2396;6.74827946736658
2397;2.33516902420534
2398;5.51634804011459
2399;3.3070842952958
2400;14.3259286016877
2401;4.88100580082246
2402;5.29448008994504
2403;10.7386125575496
2404;22.2686427010756
2405;4.41816926172397
2406;41.4866245240134
2407;6.32102645043509
2408;3.17220754549253
2409;4.93179932088684
2410;6.94852294002831
2411;2.5175136544105
2412;4.96180175815725
2413;4.3724286849533
2414;13.476193890785
2415;7.76946413356018
2416;10.4084095861791
2417;3.88494356219213
2418;26.348603539754
2419;5.24125596931807
2420;8.00556391353808
2421;1.66976232944419
2422;1.73535636828754
2423;1.47300279023718
2424;8.23771249342358
2425;5.25825663366208
2426;8.1891232356417
2427;6.24728882161733
2428;5.63096098647119
2429;25.3989921345109
2430;4.04814223236824
2431;1.78780934053937
2432;6.80298702674405
2433;8.09512947774616
2434;5.95631871455274
2435;4.48009617977035
2436;24.9440965258464
2437;6.14897173670335
2438;3.27354145407102
2439;18.9182291966596
2440;4.80748611536825
2441;7.51265443506714
2442;4.23620816517136
2443;12.4468500984022
2444;3.44544746020179
2445;35.9999894501236
2446;17.9318822043094
2447;12.1550509888856
2448;17.8841646834397
2449;7.82640753344044
2450;11.7463925178333
2451;5.78097626891032
2452;2.05659196856436
2453;7.48730446865766
2454;7.0736143201864
2455;12.6144870459435
2456;11.4352142371465
2457;12.3684471119986
2458;5.98760435074385
2459;3.34365278579468
2460;6.14513816865689
2461;1.77360279942564
2462;21.3781969028887
2463;4.99252205871262
2464;2.48430729327137
2465;5.34683697785964
2466;51.6490874354738
2467;7.61710213168687
2468;6.64259537385969
2469;68.2183993872379
2470;2.06117092813137
2471;5.49940499939348
2472;7.02280906798408
2473;4.40381691480613
2474;50.8973331766644
2475;16.1227357561123
2476;3.48952208982982
2477;3.10430205234026
2478;22.055619776115
2479;4.43839008340497
2480;2.163654717442
2481;7.97746313600981
2482;5.77271125124371
2483;9.3734056986208
2484;21.8013970518525
2485;63.9143556804764
2486;6.05710743465689
2487;24.326351569984
2488;7.31799504119028
2489;1.1143726274773
2490;5.67933799520126
2491;13.6699367702973
2492;10.0920289069429
2493;4.37957494442076
2494;7.36013037183609
2495;18.5602218245517
2496;3.04460841803071
2497;1.27229843813926
2498;4.00389304756816
2499;6.94632684011578
2500;1.47843224872472
2501;2.24077600944298
2502;15.630673894674
2503;4.46283324108486
2504;9.90561948235796
2505;8.92939204531531
2506;5.75671548238163
2507;2.61506325174079
2508;10.0606845692166
2509;17.9689170435317
2510;22.4801881266162
2511;2.15789983215594
2512;31.0140349350229
2513;13.9797705230601
2514;7.44547526702235
2515;3.82192440991842
2516;38.7345275111531
2517;3.84910921118475
2518;18.9675233494943
2519;22.1900616017313
2520;15.8137183476135
2521;5.15301393301176
2522;3.05617000834642
2523;5.05556318653878
2524;4.00086690134194
2525;28.0629000182573
2526;2.92530876405673
2527;13.5621403988694
2528;1.37758591320735
2529;5.89643381999024
2530;5.3329764086738
2531;8.23089599975038
2532;4.68041585371136
2533;7.31763366264559
2534;13.5878369907592
2535;16.2888104923288
2536;2.45698882885598
2537;6.74303504300529
2538;4.59713941918241
2539;25.4042633413262
2540;18.0498821693547
2541;18.9675233494943
2542;10.8271310659607
2543;14.7208446845739
2544;19.4238287453656
2545;5.9045795523453
2546;14.7973656362688
2547;5.77276401206381
2548;1.58193845579089
2549;7.08175586337871
2550;18.9329427147298
2551;4.93382803399117
2552;7.80145474911918
2553;4.08620061194728
2554;43.1278318355787
2555;2.9642290831387
2556;18.5468912739446
2557;4.42661552785804
2558;4.46811527824078
2559;2.5592256530983
2560;7.37848380873814
2561;41.239130173586
2562;4.20602780402093
2563;22.4524231544098
2564;3.81578330541733
2565;8.42097661780663
2566;3.11718459158618
2567;4.18475540708654
2568;17.5979801833134
2569;4.51100850372155
2570;1.79622541495552
2571;3.65090536241528
2572;1.73759421243953
2573;4.61859592089225
2574;1.18289935899149
2575;6.84364690676585
2576;7.51591285209649
2577;5.41239654278307
2578;2.49830076974225
2579;4.39592066935431
2580;2.64913260947016
2581;18.5468912739446
2582;12.64166033641
2583;63.6568934329598
2584;14.0321060598213
2585;6.9347988246144
2586;6.71684428752533
2587;4.20821314319354
2588;2.57921367077402
2589;1.65787562153894
2590;6.09906071108856
2591;21.2952571547007
2592;31.0658200851096
2593;26.347397315681
2594;4.68379397976925
2595;2.32614687731577
2596;6.08627307626394
2597;5.01942550857182
2598;6.48797124497565
2599;6.23186818750165
2600;36.6856045524156
2601;5.39369865770938
2602;6.42030592288353
2603;10.740367427753
2604;17.4251537306915
2605;5.16559310830985
2606;28.9718861125212
2607;10.9915788080631
2608;8.2031148407053
2609;7.68505012461203
2610;25.5577044824493
2611;18.8445332959258
2612;6.18657763109526
2613;19.7847261040022
2614;11.4497377112424
2615;9.00312603046903
2616;23.2783265270612
2617;4.33930468934895
2618;7.48617767829322
2619;3.03232377661889
2620;3.62834426651744
2621;7.45011046562502
2622;3.18829999518904
2623;23.9882229784006
2624;1.93663492882033
2625;5.55724492054202
2626;2.27208780374313
2627;7.77868912245474
2628;16.5502257836962
2629;2.65009494126695
2630;18.0200507630848
2631;5.67740454322682
2632;15.7865402176397
2633;25.4095204314667
2634;20.7019608831925
2635;3.45649631080519
2636;14.5554428588671
2637;7.78943054420975
2638;7.66235436378545
2639;4.81582990348399
2640;29.2053191553263
2641;1.81719028085169
2642;21.9646145469811
2643;8.41868567002483
2644;4.83609687617671
2645;34.5309391083374
2646;18.0659466231816
2647;3.56083885501649
2648;9.9994962462655
2649;2.45268855455469
2650;10.7493540205493
2651;15.6206766520628
2652;2.10639001215337
2653;2.13161284553224
2654;12.1989961432469
2655;4.55562775457816
2656;17.0070701074557
2657;2.79887640829158
2658;6.30683754718065
2659;9.81157275992697
2660;17.8454092094732
2661;3.18610852903649
2662;2.39024306671586
2663;21.3505184457107
2664;2.35821059429579
2665;1.18712178480216
2666;1.40818692947552
2667;59.2841048802571
2668;11.8175973617169
2669;6.59825155852774
2670;4.94715598715302
2671;87.1921444270748
2672;6.54668059036147
2673;2.95645141115085
2674;1.21149226007621
2675;10.4346429439103
2676;1.91475242943859
2677;8.55440120422339
2678;5.3407746195711
2679;1.6736810804669
2680;3.48952208982982
2681;6.6950686906832
2682;1.96036447953734
2683;8.51293611134613
2684;7.16198368331002
2685;6.53516193433297
2686;4.19349273638574
2687;7.57324183973188
2688;3.51230332612218
2689;5.54046848475797
2690;23.1827871821617
2691;9.70592734583076
2692;2.19258673845184
2693;7.55159951934577
2694;25.8253855278623
2695;4.20181216903624
2696;7.11602284194088
2697;17.2166372673107
2698;33.9949606057011
2699;9.21745781899389
2700;3.51686369975607
2701;20.7857771441616
2702;6.51223805998437
2703;3.10100329201193
2704;22.9589472018883
2705;0.552966637530586
2706;14.3576796599015
2707;4.86017692410161
2708;30.1195836736699
2709;7.62254063875867
2710;3.81119743516353
2711;14.2058170971431
2712;1.4204924811184
2713;6.39153275371899
2714;3.95846226066051
2715;5.47328320549373
2716;43.6667182398786
2717;22.2866582381685
2718;5.94989010574452
2719;18.1307931730873
2720;111.75558270052
2721;7.39360193287566
2722;12.0746076134666
2723;6.36613121113026
2724;17.2700547689089
2725;75.3691401774834
2726;3.9915135560962
2727;9.94892796247376
2728;2.33571507462959
2729;6.52663408082194
2730;5.77831256254778
2731;7.83364889047466
2732;1.74268220997001
2733;7.19972659830674
2734;3.9236091843926
2735;35.2131032241213
2736;18.9329427147298
2737;7.53538939595539
2738;3.13326576608828
2739;4.96084668304745
2740;11.8844818429297
2741;3.5957616061652
2742;2.60043426452236
2743;17.8707246081062
2744;17.3464405479033
2745;21.1820398862389
2746;4.50271454795374
2747;5.06184861864881
2748;2.53085661866667
2749;6.65533504191195
2750;33.2825860630893
2751;3.72582338451875
2752;7.02005580675698
2753;44.1297797284697
2754;5.99026491144312
2755;4.39674300812166
2756;2.63700549250629
2757;4.06404400114037
2758;7.42294172380401
2759;2.96102765369342
2760;2.36525976745584
2761;29.2467079686958
2762;7.2653820913409
2763;2.09252013504826
2764;1.91436485787392
2765;7.45860006088544
2766;28.3393843789203
2767;9.90047421555608
2768;39.2701055872391
2769;1.47147708437038
2770;18.4707331377852
2771;7.0802091120594
2772;6.65907669049371
2773;4.01489151123996
2774;29.5831198225501
2775;10.6985776179763
2776;6.40830522441602
2777;16.5691402915367
2778;7.62312883589177
2779;13.2045738551181
2780;8.87585085075016
2781;7.12922165791911
2782;2.27689769396822
2783;18.7107656154224
2784;6.9747511970198
2785;1.82197770580087
2786;12.1550509888856
2787;12.0514369869006
2788;3.57326917982195
2789;5.12835899296362
2790;1.2656848115738
2791;5.46471923069151
2792;9.44078219146069
2793;4.4746542021004
2794;36.6489677108584
2795;4.07044086310898
2796;5.2663094589707
2797;2.32025483806864
2798;17.0758709170152
2799;10.4693562098747
2800;6.32685128749247
2801;5.18686784911557
2802;11.2016209261768
2803;4.16459486333183
2804;1.94516167414789
2805;41.0550746473183
2806;2.0940656987341
2807;1.62432263036686
2808;30.7258862748388
2809;3.35145325091048
2810;7.50212829205338
2811;26.3648263881759
2812;38.7345275111531
2813;46.0755731278505
2814;6.8590680113987
2815;9.9994962462655
2816;23.9708202963634
2817;6.7435569038999
2818;10.5835919763692
2819;17.1604015168714
2820;5.37919773632224
2821;2.88832716800546
2822;7.928816590216
2823;7.23589052670727
2824;4.10918948632639
2825;5.6859588541494
2826;27.4066371907461
2827;2.3472871045403
2828;18.1167012469323
2829;3.87627371527384
2830;2.82151523019701
2831;0.894816176413814
2832;1.79979104893189
2833;6.49492186477852
2834;12.1728717418569
2835;5.27308406725324
2836;49.4653838450512
2837;4.02548249930431
2838;15.4214908992319
2839;3.49238753855114
2840;3.72979729160391
2841;3.81301726894681
2842;44.024606017429
2843;6.80598323936319
2844;11.0767553416541
2845;12.3435870137769
2846;6.42052302430072
2847;29.839644969472
2848;18.1300481278855
2849;5.58618019669848
2850;7.35735293864792
2851;12.7604339150424
2852;14.6843615825024
2853;2.37918063468761
2854;13.1476486243569
2855;11.163689049087
2856;4.368380348456
2857;5.19292374867867
2858;20.6409420866937
2859;2.81847647353909
2860;20.3474406020152
2861;15.3373754707707
2862;0.611380620202111
2863;2.22742893923344
2864;3.95846226066051
2865;5.55985567470118
2866;4.05606802802613
2867;20.2998597749476
2868;21.5946686935397
2869;9.14884615653587
2870;3.99878044163754
2871;18.0498592404582
2872;14.8417989605715
2873;38.089137958202
2874;8.59868880964111
2875;1.18660059401097
2876;17.7966666251011
2877;42.0391480014254
2878;12.1874359389463
2879;5.7509382168144
2880;3.9236091843926
2881;1.67349471413033
2882;5.19780648988678
2883;32.0861634402666
2884;50.8756101667802
2885;4.23585277871099
2886;6.96244467814277
2887;18.0665688542303
2888;2.69647791730344
2889;6.11997501722553
2890;26.479594674337
2891;14.5538822699491
2892;29.5848039290251
2893;6.50223363236611
2894;18.3210183950402
2895;13.9319785519571
2896;1.28800719838934
2897;31.4492394279052
2898;1.11586066166591
2899;4.7451300888364
2900;25.7798041264432
2901;1.6736810804669
2902;28.5385260689958
2903;25.6775015778629
2904;46.6870411782225
2905;7.58800832868619
2906;5.98114463077777
2907;4.88352892114184
2908;6.497409153144
2909;13.7629834803293
2910;4.9105351658447
2911;7.69309239517757
2912;7.85830599350572
2913;3.05739766078728
2914;4.60419995720713
2915;17.9528127049805
2916;7.75366916449566
2917;18.2545245992575
2918;28.9474074611237
2919;6.66390889191047
2920;21.3759605737491
2921;5.74922571196379
2922;2.53422716866449
2923;3.95409650191598
2924;39.4900124270564
2925;2.27396385154082
2926;17.5313189740236
2927;4.96545720163324
2928;7.0663041244182
2929;7.28900089779391
2930;8.51293611134613
2931;2.70420899565025
2932;27.1394570260275
2933;5.79547286155373
2934;2.40281733051948
2935;3.26073887488664
2936;4.41659717164217
2937;5.99066372493548
2938;3.64638820653656
2939;55.1095716774286
2940;22.1452837265663
2941;12.3378219659716
2942;6.72365727126316
2943;8.92133921334216
2944;3.96990688699625
2945;17.5166983024772
2946;4.07577070695962
2947;36.426087138866
2948;17.893682150904
2949;4.22250299925209
2950;9.2867740009938
2951;31.4492394279052
2952;1.87585290228067
2953;4.73720838483677
2954;21.2747939793836
2955;26.7629605132104
2956;20.1070582089546
2957;4.98731906350671
2958;8.60810715166712
2959;4.53638557877239
2960;13.5368726982045
2961;26.2023281339976
2962;4.86407415121874
2963;8.72406810869686
2964;42.7403446347229
2965;6.2735676158671
2966;28.3947576651249
2967;1.95159606599882
2968;44.6290867104822
2969;13.17841595348
2970;19.157179918745
2971;24.2242945692877
2972;7.12922165791911
2973;5.66024149127161
2974;11.6945661858984
2975;6.09117420043716
2976;12.0324182861438
2977;6.01545616380528
2978;17.3830134633874
2979;2.91423957627392
2980;2.51385025483615
2981;5.18472654911002
2982;17.4850466525423
2983;6.47354953163816
2984;37.2983822722532
2985;7.71436756411411
2986;7.93074179874303
2987;8.13987467792443
2988;4.88068104439265
2989;4.16621823739978
2990;4.95447994241281
2991;12.1964146296243
2992;38.0821070454369
2993;5.88480824569248
2994;4.47931836573935
2995;11.040482413491
2996;6.27447988591154
2997;11.6292841315514
2998;7.28504604247954
2999;6.77649222041102
3000;11.3944294600485
3001;6.1666373394847
3002;6.90204447120926
3003;67.9934533188242
3004;1.67471810630881
3005;46.9991044987824
3006;1.21407025857446
3007;3.69484923493583
3008;5.77458133751557
3009;40.6978322301826
3010;18.1862924486628
3011;19.337037240317
3012;15.3135928807527
3013;4.75294545166808
3014;4.1267571261914
3015;6.39635340987282
3016;9.38568121036737
3017;2.50809265088353
3018;5.47328675611913
3019;25.6468960494277
3020;32.1542499455411
3021;7.4619069788369
3022;3.90345955643565
3023;1.64188843678319
3024;4.856339207734
3025;4.95026231097896
3026;9.26630096561839
3027;5.745486296446
3028;31.9623189132248
3029;11.1262026278243
3030;24.4397134437774
3031;4.1634163313294
3032;21.64107801523
3033;3.58008154126223
3034;2.25001979090826
3035;45.2057933651731
3036;3.51896867591639
3037;6.74785121278343
3038;54.5767128006505
3039;21.7376654899765
3040;4.99786100245959
3041;3.728685887814
3042;15.8307517067886
3043;1.75883675314503
3044;6.53903328952056
3045;6.65400374380383
3046;4.51986114300583
3047;22.45123588764
3048;9.4099941895145
3049;31.0439673889265
3050;8.09994037586058
3051;19.5371293752421
3052;7.50488032996247
3053;4.75869599749421
3054;5.22964225224305
3055;9.69793756858148
3056;20.0147239926325
3057;7.39171896710067
3058;2.76607110919787
3059;15.9677426708273
3060;34.5855489727814
3061;7.43585979528305
3062;15.1045908753045
3063;3.81569588375877
3064;11.5217707302094
3065;2.0644112212141
3066;2.3079853323229
3067;19.605097791946
3068;15.4874561246522
3069;3.84569649733669
3070;3.87203466984516
3071;2.42741864132304
3072;57.08187132935
3073;6.84641884402223
3074;8.13569947037505
3075;4.16030719465513
3076;3.7983275256975
3077;4.4631411363262
3078;17.1190586204883
3079;1.5374987376708
3080;1.64387424766617
3081;8.66371703332785
3082;21.624716206316
3083;22.4069884355125
3084;16.6191331384342
3085;3.89657535830441
3086;1.35723076303179
3087;10.6334640751608
3088;24.0440013980619
3089;51.6490874354738
3090;4.13569257032346
3091;8.29184978594638
3092;2.67383782326787
3093;5.63922652163612
3094;20.1591516188764
3095;4.51160863240369
3096;1.38709909344933
3097;12.6533623162107
3098;7.38437199097122
3099;6.92879224543252
3100;2.50391638105411
3101;13.5246859141521
3102;6.14909142668012
3103;1.24626274693971
3104;3.52514355317802
3105;3.87442026000247
3106;2.06913921320567
3107;27.011897598029
3108;7.60529338877795
3109;14.6754318525843
3110;2.86021030280975
3111;6.69094290496559
3112;4.52538964161779
3113;2.43045112822411
3114;73.304993852313
3115;18.6528372301866
3116;2.35776826629781
3117;8.70802353780851
3118;3.62275123940129
3119;2.45615381117008
3120;6.48028632791024
3121;18.7466167768924
3122;1.86028851915714
3123;1.80278635901977
3124;18.9002031163609
3125;19.0388134206265
3126;22.9174141687086
3127;4.5120133315388
3128;1.72033390194868
3129;36.6856045524156
3130;2.23290409910454
3131;6.00730751594761
3132;6.48511197049346
3133;13.6543233299965
3134;1.78328230389091
3135;3.14468095300668
3136;7.36635189035584
3137;17.0035212497322
3138;7.0701446321012
3139;2.66864964661741
3140;13.6875612493265
3141;17.7018279361437
3142;6.75722693084903
3143;2.92824288892674
3144;28.2271547339653
3145;18.7888778937258
3146;3.73559162260397
3147;2.24077600944298
3148;21.2952571547007
3149;1.86590931832608
3150;1.61282321537941
3151;5.0746743897591
3152;24.0058955089572
3153;2.21126883358423
3154;6.27092906045321
3155;7.06469572782109
3156;18.8523816960417
3157;21.6628761271822
3158;2.01730189561103
3159;29.747798337177
3160;33.5857778152096
3161;27.1413310958697
3162;4.27237150804351
3163;18.2375164604482
3164;13.1472934843756
3165;2.58083426846382
3166;35.3087168917103
3167;2.05304612870035
3168;18.356456780385
3169;6.48335636602101
3170;18.1593737516633
3171;21.5498698791252
3172;1.16015038638384
3173;2.86589271990649
3174;6.84113245362313
3175;17.0330139288214
3176;1.84468012778499
3177;7.28837032408468
3178;17.0851565632269
3179;28.2271547339653
3180;6.08976497081118
3181;3.29492482603358
3182;16.2421561787828
3183;13.7129925139112
3184;1.90672642099704
3185;1.62434741854565
3186;19.353350397456
3187;7.37786270373128
3188;36.5445663602268
3189;2.67470448675788
3190;9.76105147827065
3191;73.6644501460211
3192;3.71069557054319
3193;9.73712496923689
3194;2.82077368256548
3195;44.1240750194263
3196;17.521980814596
3197;14.3376874440616
3198;3.34164327225213
3199;33.4456721491448
3200;6.87010345948884
3201;32.0575290139491
3202;1.65403970038983
3203;5.08395319831397
3204;5.94405389700054
3205;6.42071481366537
3206;19.0788608572597
3207;5.20231411624956
3208;5.52516823309499
3209;3.9236091843926
3210;12.4468500984022
3211;6.4777454249484
3212;5.67898530064786
3213;6.55676684586947
3214;4.42038570955884
3215;5.27308406725324
3216;6.0249259495192
3217;5.41419339134743
3218;3.78405998933654
3219;7.26863669125917
3220;10.979648300348
3221;8.82973177711129
3222;5.81961860353605
3223;11.8844818429297
3224;17.8707246081062
3225;1.33938957435984
3226;7.15620789434077
3227;7.99293068069928
3228;11.6095833472331
3229;2.46937686948376
3230;16.6203875624919
3231;4.63814331325954
3232;18.1469201008354
3233;5.82086175594763
3234;31.3268554929667
3235;27.2791110276057
3236;6.85773810614801
3237;27.9477496738278
3238;7.9248374222674
3239;2.25448082750459
3240;31.5516364122095
3241;3.07635550351855
3242;11.0429978889428
3243;7.28504604247954
3244;17.814544838415
3245;2.47954580957096
3246;9.36871690317494
3247;11.9384840949691
3248;16.9400155631892
3249;8.5095630923401
3250;3.988598710752
3251;27.7527253556496
3252;7.03833902290284
3253;7.89110946150788
3254;2.0263133816715
3255;4.232522765256
3256;1.5374987376708
3257;8.43289751455563
3258;1.95450943081439
3259;17.7096767135348
3260;10.4136293117227
3261;21.4721366180138
3262;23.2342912745161
3263;4.24582024788421
3264;29.9996371008338
3265;9.05226537282729
3266;12.1384519642709
3267;9.1714350761595
3268;13.3794284380127
3269;106.606152798372
3270;7.21609024208904
3271;35.8597838802642
3272;6.05244847427974
3273;22.6588845993713
3274;7.64898152976212
3275;7.17859531311201
3276;7.36242869812476
3277;11.1255754774331
3278;5.11490392824567
3279;11.7532527364976
3280;29.2467079686958
3281;1.66706979091239
3282;17.3903057884695
3283;3.98857510519521
3284;5.05664220177016
3285;5.6200021826405
3286;30.9822423619406
3287;5.69092626283692
3288;8.63115193550994
3289;5.3188015735304
3290;14.9065912866319
3291;2.10547744901885
3292;17.2749562412566
3293;52.6707012578023
3294;4.09617071497061
3295;7.97746313600981
3296;17.2106606137027
3297;12.4156834304492
3298;12.8379263166933
3299;18.2931893215464
3300;2.59431437054184
3301;7.29360265840068
3302;19.3335831216312
3303;20.0577348171
3304;2.74891869029283
3305;9.13468900909289
3306;6.32000092125941
3307;4.01623815000633
3308;5.82863222358893
3309;3.84819987557429
3310;4.00376726544924
3311;2.02751080060326
3312;1.73755057943974
3313;2.2371287227323
3314;8.62089907982738
3315;10.493027697917
3316;18.8552048981012
3317;22.9230958168479
3318;1.94339583691833
3319;6.75159406570544
3320;19.5382633118689
3321;1.5615560569701
3322;3.434051199134
3323;8.6820494290109
3324;6.56525844942468
3325;3.30083407890832
3326;21.503761718819
3327;27.0152283782593
3328;16.2272959384575
3329;33.1420540688978
3330;55.4377664782372
3331;1.2322214482039
3332;23.4092043109139
3333;19.4292926688248
3334;7.1982927151109
3335;54.8110315249762
3336;6.40535450828411
3337;7.81834315998621
3338;20.2496072115537
3339;16.3568438013547
3340;4.35295334325595
3341;7.0004321661959
3342;6.75499733322125
3343;14.8513486948409
3344;19.6651838317479
3345;15.0478737247079
3346;6.70796748038906
3347;1.99364643172875
3348;11.3288013473491
3349;26.6641591146743
3350;1.97589034483563
3351;2.64514933386787
3352;2.77324326393291
3353;3.85710446708771
3354;1.87634976596331
3355;21.0431941132641
3356;4.27743621782687
3357;13.0610445404452
3358;7.53538939595539
3359;2.76768699550853
3360;15.184265701851
3361;13.4651015114476
3362;18.4505213079754
3363;8.97086482867936
3364;10.5835919763692
3365;4.14799769752749
3366;4.09941169116464
3367;7.59563102159047
3368;26.727213804141
3369;10.7444604308628
3370;4.75599950423493
3371;8.15697323653803
3372;6.68815216285223
3373;5.57219905138323
3374;2.95851747675281
3375;14.1800282908327
3376;1.61610543577332
3377;3.52484277246185
3378;4.45485735567004
3379;31.9189846862452
3380;7.28495112621473
3381;53.1586211557605
3382;6.28943816268023
3383;2.20456866735178
3384;3.48331371537236
3385;18.1593737516633
3386;5.9852079961515
3387;28.5800699960915
3388;5.7486267761079
3389;8.15029944582223
3390;14.3634899863788
3391;2.00720397947412
3392;46.4506716910455
3393;48.9063975827392
3394;3.65586957875667
3395;4.92767010156411
3396;19.9857187655097
3397;23.9882229784006
3398;5.57997176167605
3399;44.1240750194263
3400;0.918549378996022
3401;10.2933765934036
3402;22.4068873385948
3403;2.7856729632688
3404;3.12173156571578
3405;1.09526581190936
3406;16.0375913677351
3407;6.81699966655085
3408;2.90930364430547
3409;9.05226537282729
3410;40.50090536026
3411;2.31875982617014
3412;6.50419220971876
3413;3.35943393640752
3414;1.83237467727859
3415;7.08542522214778
3416;22.8380916126738
3417;2.19737948919932
3418;2.27208780374313
3419;15.3985543953954
3420;6.64895070732611
3421;9.15771776803041
3422;6.14242453708833
3423;20.2424373664848
3424;5.81313260195793
3425;9.16652931493932
3426;6.83440628378337
3427;5.62064171149105
3428;4.62915561242647
3429;19.0929095848575
3430;11.5229264721041
3431;6.37927686456042
3432;6.63181469451884
3433;2.00150180348447
3434;4.88068104439265
3435;6.63741630618366
3436;1.74944307663189
3437;2.22772017799629
3438;4.39038355595172
3439;2.63156305647694
3440;12.7484303496315
3441;14.558541375459
3442;7.21105830944968
3443;7.60224998167604
3444;30.4010281625539
3445;3.7809900809369
3446;22.8640019281064
3447;2.40096050421558
3448;29.9656647050304
3449;4.8790504746062
3450;7.95954551123887
3451;6.9390645204062
3452;6.6600981051119
3453;38.664425327009
3454;7.26863669125917
3455;18.1300481278855
3456;1.79915633998025
3457;38.3604540217464
3458;4.95569039740389
3459;50.9505996286891
3460;3.92363431574624
3461;0.892140828007979
3462;3.74827215905794
3463;6.26322299804344
3464;5.57943634176309
3465;21.348752794455
3466;10.8062476419176
3467;12.8896270950292
3468;4.8487004708536
3469;6.83809270287675
3470;4.93479056303807
3471;27.8279783996453
3472;6.32870782041956
3473;9.89908276694933
3474;21.7626543441168
3475;8.68227513925761
3476;6.50019627029329
3477;7.70267760836572
3478;18.7876347829823
3479;8.87264527743017
3480;27.4108891905022
3481;22.972375265888
3482;5.19035583675115
3483;9.61584503637087
3484;4.46623122867785
3485;4.49140579534734
3486;3.541807632771
3487;6.63304155451394
3488;3.84852503909464
3489;23.6904183076757
3490;7.8185915399445
3491;29.2467079686958
3492;2.51096060025178
3493;16.3061592783438
3494;5.89643381999024
3495;18.9910406776308
3496;34.9856663688909
3497;5.68902414391929
3498;18.5332375236546
3499;4.28539436248834
3500;1.21149226007621
3501;3.41696022221652
3502;5.38954533266564
3503;6.80960929780207
3504;26.3761793703754
3505;5.64084355463066
3506;7.52621534331565
3507;10.3335013135872
3508;5.9146169758474
3509;21.4565541179074
3510;18.8212933793368
3511;6.37071228548198
3512;9.2191557693828
3513;20.6409420866937
3514;2.7746821594277
3515;27.0880047732368
3516;4.07044086310898
3517;4.47064724728678
3518;7.57654362732521
3519;10.7386125575496
3520;16.2426790078519
3521;33.9949606057011
3522;3.59544839087413
3523;4.47046051535417
3524;7.46672164634104
3525;8.26549186686258
3526;3.49682345951706
3527;37.161912456947
3528;3.67043953436698
3529;1.14800037706999
3530;18.2433157864064
3531;20.7858265125903
3532;2.86443250369867
3533;88.2985962934172
3534;4.11235507444015
3535;46.262824550975
3536;9.62925870644199
3537;15.1593075526385
3538;1.97307313684735
3539;2.45835259564101
3540;6.68051589133856
3541;61.3876007551369
3542;18.464114119827
3543;22.972375265888
3544;6.4660209423554
3545;6.0022489927259
3546;18.2359267096006
3547;12.3195250761946
3548;4.982854941226
3549;1.13397941165025
3550;1.46177181080872
3551;4.59803945435256
3552;1.5374987376708
3553;46.2974556066253
3554;7.08096228901764
3555;27.9455705011678
3556;18.1876010543587
3557;2.48488498374461
3558;29.2501625782717
3559;5.90252627419128
3560;34.7437199993727
3561;1.42085319221924
3562;3.92875866001017
3563;9.65540884711746
3564;1.96408753311284
3565;7.11227000794684
3566;3.90740519612747
3567;15.4399431658514
3568;19.4119507983585
3569;11.7298717546517
3570;53.451648151065
3571;2.03186452065577
3572;7.36613728010565
3573;18.7383448472155
3574;2.57074404379002
3575;5.79445217505495
3576;15.4934387445152
3577;7.37555750221972
3578;26.2254036577637
3579;8.51293611134613
3580;23.0834232274455
3581;11.5346952020695
3582;6.20809773255065
3583;41.8532644018675
3584;2.63431216319588
3585;4.24247754735871
3586;4.15931113450842
3587;2.27396385154082
3588;3.97685832614199
3589;22.972375265888
3590;10.4593212415096
3591;14.7637977974204
3592;6.40460435504872
3593;7.43220015982454
3594;21.6043418012091
3595;17.0110336976263
3596;4.09954007994411
3597;7.06828124031479
3598;2.15272415212649
3599;17.7942873592313
3600;7.13673459246983
3601;24.8017326014977
3602;1.93980021592293
3603;5.53285306237742
3604;4.11462425646629
3605;5.77002699125768
3606;6.14002740740114
3607;4.00647195710723
3608;21.2083144364011
3609;11.0767553416541
3610;6.05818466802287
3611;16.0888768717518
3612;4.7451300888364
3613;6.36929009187295
3614;3.68365023741447
3615;20.6611921186574
3616;4.73742172059362
3617;1.46864208266397
3618;6.21051532884014
3619;1.61488387219815
3620;6.71766825104477
3621;13.8644554070815
3622;6.55500282921314
3623;12.8176683221568
3624;6.64895070732611
3625;9.79164600051134
3626;22.6282885723884
3627;12.0064484347651
3628;1.55199327228368
3629;2.83625244667871
3630;6.25558749934663
3631;5.94843298227999
3632;6.42612905337151
3633;5.11962275948587
3634;6.34342384513392
3635;1.56304262857344
3636;13.4602728309686
3637;21.3659747616033
3638;4.39730788533612
3639;7.91563282762537
3640;18.2583848799478
3641;16.6961943869919
3642;13.8961112595747
3643;3.44056358716471
3644;8.31701242390844
3645;8.64174862472929
3646;7.19412866919522
3647;46.7543070451861
3648;47.0565160561677
3649;2.43376051566342
3650;7.10168833969925
3651;18.3203794130857
3652;5.66353103935446
3653;42.1995397423957
3654;10.6439962375068
3655;6.47612551704389
3656;6.02396700955595
3657;1.16260512323879
3658;18.7383448472155
3659;2.99400642925568
3660;42.1708354315568
3661;22.4351501705193
3662;14.9255606464855
3663;23.6722853283429
3664;23.2880207260386
3665;17.0967363806841
3666;48.7755865556274
3667;2.8622694471611
3668;35.1883420612571
3669;6.90670667724333
3670;9.81628458167521
3671;3.65224005617915
